{
  "arch": "x86_64",
  "build": "hb4e282d_0",
  "build_number": 0,
  "channel": "https://repo.continuum.io/pkgs/main/osx-64",
  "constrains": [],
  "depends": [
    "ncurses 6.0.*"
  ],
  "extracted_package_dir": "/Users/fanwei/miniconda2/pkgs/libedit-3.1-hb4e282d_0",
  "files": [
    "include/editline/readline.h",
    "include/histedit.h",
    "lib/libedit.0.dylib",
    "lib/libedit.a",
    "lib/libedit.dylib",
    "lib/libedit.la",
    "lib/pkgconfig/libedit.pc",
    "share/man/man3/editline.3",
    "share/man/man3/el_deletestr.3",
    "share/man/man3/el_end.3",
    "share/man/man3/el_get.3",
    "share/man/man3/el_getc.3",
    "share/man/man3/el_gets.3",
    "share/man/man3/el_init.3",
    "share/man/man3/el_init_fd.3",
    "share/man/man3/el_insertstr.3",
    "share/man/man3/el_line.3",
    "share/man/man3/el_parse.3",
    "share/man/man3/el_push.3",
    "share/man/man3/el_reset.3",
    "share/man/man3/el_resize.3",
    "share/man/man3/el_set.3",
    "share/man/man3/el_source.3",
    "share/man/man3/el_wdeletestr.3",
    "share/man/man3/el_wget.3",
    "share/man/man3/el_wgetc.3",
    "share/man/man3/el_wgets.3",
    "share/man/man3/el_winsertstr.3",
    "share/man/man3/el_wline.3",
    "share/man/man3/el_wparse.3",
    "share/man/man3/el_wpush.3",
    "share/man/man3/el_wset.3",
    "share/man/man3/history_end.3",
    "share/man/man3/history_init.3",
    "share/man/man3/history_w.3",
    "share/man/man3/history_wend.3",
    "share/man/man3/history_winit.3",
    "share/man/man3/tok_end.3",
    "share/man/man3/tok_init.3",
    "share/man/man3/tok_line.3",
    "share/man/man3/tok_reset.3",
    "share/man/man3/tok_str.3",
    "share/man/man3/tok_wend.3",
    "share/man/man3/tok_winit.3",
    "share/man/man3/tok_wline.3",
    "share/man/man3/tok_wreset.3",
    "share/man/man3/tok_wstr.3",
    "share/man/man5/editrc.5",
    "share/man/man7/editline.7"
  ],
  "fn": "libedit-3.1-hb4e282d_0.tar.bz2",
  "license": "3-Clause BSD",
  "license_family": "BSD",
  "link": {
    "source": "/Users/fanwei/miniconda2/pkgs/libedit-3.1-hb4e282d_0",
    "type": 1
  },
  "md5": "c410ee64ef02ccb2b65ddfed8e149638",
  "name": "libedit",
  "package_tarball_full_path": "/Users/fanwei/miniconda2/pkgs/libedit-3.1-hb4e282d_0.tar.bz2",
  "paths_data": {
    "paths": [
      {
        "_path": "include/editline/readline.h",
        "path_type": "hardlink",
        "sha256": "e17ba4cd29b285bf597c0afe6c316c2aa954073c45f76e8489b524f82b57997b",
        "sha256_in_prefix": "e17ba4cd29b285bf597c0afe6c316c2aa954073c45f76e8489b524f82b57997b",
        "size_in_bytes": 7617
      },
      {
        "_path": "include/histedit.h",
        "path_type": "hardlink",
        "sha256": "7f92bfb2b35bcd83d262b24cdd77fb8427cd42f568009239b867e0efb0ae7c0e",
        "sha256_in_prefix": "7f92bfb2b35bcd83d262b24cdd77fb8427cd42f568009239b867e0efb0ae7c0e",
        "size_in_bytes": 9283
      },
      {
        "_path": "lib/libedit.0.dylib",
        "path_type": "hardlink",
        "sha256": "3071d0ac6d0cb03414c326fb6511b077a90a3c55e39f9640fbd622d5436f2c88",
        "sha256_in_prefix": "3071d0ac6d0cb03414c326fb6511b077a90a3c55e39f9640fbd622d5436f2c88",
        "size_in_bytes": 183312
      },
      {
        "_path": "lib/libedit.a",
        "path_type": "hardlink",
        "sha256": "c0ee5ea40c2992954af3ce13a87655ff5e3ddc5f6f0157f2bfbecdfda3548361",
        "sha256_in_prefix": "c0ee5ea40c2992954af3ce13a87655ff5e3ddc5f6f0157f2bfbecdfda3548361",
        "size_in_bytes": 280248
      },
      {
        "_path": "lib/libedit.dylib",
        "path_type": "softlink",
        "sha256": "3071d0ac6d0cb03414c326fb6511b077a90a3c55e39f9640fbd622d5436f2c88",
        "size_in_bytes": 183312
      },
      {
        "_path": "lib/libedit.la",
        "file_mode": "text",
        "path_type": "hardlink",
        "prefix_placeholder": "/opt/anaconda1anaconda2anaconda3",
        "sha256": "281f99a5af276bc9b4dc9d2e1f0dce413c39e6ca77aff9344735676927cd554f",
        "sha256_in_prefix": "b1d596e4528ba2662eec97eaf9be0c5c4dc42e1725bb625f609ba0ee41dae81f",
        "size_in_bytes": 980
      },
      {
        "_path": "lib/pkgconfig/libedit.pc",
        "file_mode": "text",
        "path_type": "hardlink",
        "prefix_placeholder": "/opt/anaconda1anaconda2anaconda3",
        "sha256": "f25b1c1b89e278e8310d51d701663bf34809c9acca9163992b3f2e4399126e86",
        "sha256_in_prefix": "96bab8dfc585bb347712335e7eed64e2ef0e869e32a4b40fd14e2a0e8deaa376",
        "size_in_bytes": 349
      },
      {
        "_path": "share/man/man3/editline.3",
        "path_type": "hardlink",
        "sha256": "ceade349cbe23ad2e65ad2cd558ea973fef7adaaf7691505839afaf79f1f61a2",
        "sha256_in_prefix": "ceade349cbe23ad2e65ad2cd558ea973fef7adaaf7691505839afaf79f1f61a2",
        "size_in_bytes": 23493
      },
      {
        "_path": "share/man/man3/el_deletestr.3",
        "path_type": "softlink",
        "sha256": "ceade349cbe23ad2e65ad2cd558ea973fef7adaaf7691505839afaf79f1f61a2",
        "size_in_bytes": 23493
      },
      {
        "_path": "share/man/man3/el_end.3",
        "path_type": "softlink",
        "sha256": "ceade349cbe23ad2e65ad2cd558ea973fef7adaaf7691505839afaf79f1f61a2",
        "size_in_bytes": 23493
      },
      {
        "_path": "share/man/man3/el_get.3",
        "path_type": "softlink",
        "sha256": "ceade349cbe23ad2e65ad2cd558ea973fef7adaaf7691505839afaf79f1f61a2",
        "size_in_bytes": 23493
      },
      {
        "_path": "share/man/man3/el_getc.3",
        "path_type": "softlink",
        "sha256": "ceade349cbe23ad2e65ad2cd558ea973fef7adaaf7691505839afaf79f1f61a2",
        "size_in_bytes": 23493
      },
      {
        "_path": "share/man/man3/el_gets.3",
        "path_type": "softlink",
        "sha256": "ceade349cbe23ad2e65ad2cd558ea973fef7adaaf7691505839afaf79f1f61a2",
        "size_in_bytes": 23493
      },
      {
        "_path": "share/man/man3/el_init.3",
        "path_type": "softlink",
        "sha256": "ceade349cbe23ad2e65ad2cd558ea973fef7adaaf7691505839afaf79f1f61a2",
        "size_in_bytes": 23493
      },
      {
        "_path": "share/man/man3/el_init_fd.3",
        "path_type": "softlink",
        "sha256": "ceade349cbe23ad2e65ad2cd558ea973fef7adaaf7691505839afaf79f1f61a2",
        "size_in_bytes": 23493
      },
      {
        "_path": "share/man/man3/el_insertstr.3",
        "path_type": "softlink",
        "sha256": "ceade349cbe23ad2e65ad2cd558ea973fef7adaaf7691505839afaf79f1f61a2",
        "size_in_bytes": 23493
      },
      {
        "_path": "share/man/man3/el_line.3",
        "path_type": "softlink",
        "sha256": "ceade349cbe23ad2e65ad2cd558ea973fef7adaaf7691505839afaf79f1f61a2",
        "size_in_bytes": 23493
      },
      {
        "_path": "share/man/man3/el_parse.3",
        "path_type": "softlink",
        "sha256": "ceade349cbe23ad2e65ad2cd558ea973fef7adaaf7691505839afaf79f1f61a2",
        "size_in_bytes": 23493
      },
      {
        "_path": "share/man/man3/el_push.3",
        "path_type": "softlink",
        "sha256": "ceade349cbe23ad2e65ad2cd558ea973fef7adaaf7691505839afaf79f1f61a2",
        "size_in_bytes": 23493
      },
      {
        "_path": "share/man/man3/el_reset.3",
        "path_type": "softlink",
        "sha256": "ceade349cbe23ad2e65ad2cd558ea973fef7adaaf7691505839afaf79f1f61a2",
        "size_in_bytes": 23493
      },
      {
        "_path": "share/man/man3/el_resize.3",
        "path_type": "softlink",
        "sha256": "ceade349cbe23ad2e65ad2cd558ea973fef7adaaf7691505839afaf79f1f61a2",
        "size_in_bytes": 23493
      },
      {
        "_path": "share/man/man3/el_set.3",
        "path_type": "softlink",
        "sha256": "ceade349cbe23ad2e65ad2cd558ea973fef7adaaf7691505839afaf79f1f61a2",
        "size_in_bytes": 23493
      },
      {
        "_path": "share/man/man3/el_source.3",
        "path_type": "softlink",
        "sha256": "ceade349cbe23ad2e65ad2cd558ea973fef7adaaf7691505839afaf79f1f61a2",
        "size_in_bytes": 23493
      },
      {
        "_path": "share/man/man3/el_wdeletestr.3",
        "path_type": "softlink",
        "sha256": "ceade349cbe23ad2e65ad2cd558ea973fef7adaaf7691505839afaf79f1f61a2",
        "size_in_bytes": 23493
      },
      {
        "_path": "share/man/man3/el_wget.3",
        "path_type": "softlink",
        "sha256": "ceade349cbe23ad2e65ad2cd558ea973fef7adaaf7691505839afaf79f1f61a2",
        "size_in_bytes": 23493
      },
      {
        "_path": "share/man/man3/el_wgetc.3",
        "path_type": "softlink",
        "sha256": "ceade349cbe23ad2e65ad2cd558ea973fef7adaaf7691505839afaf79f1f61a2",
        "size_in_bytes": 23493
      },
      {
        "_path": "share/man/man3/el_wgets.3",
        "path_type": "softlink",
        "sha256": "ceade349cbe23ad2e65ad2cd558ea973fef7adaaf7691505839afaf79f1f61a2",
        "size_in_bytes": 23493
      },
      {
        "_path": "share/man/man3/el_winsertstr.3",
        "path_type": "softlink",
        "sha256": "ceade349cbe23ad2e65ad2cd558ea973fef7adaaf7691505839afaf79f1f61a2",
        "size_in_bytes": 23493
      },
      {
        "_path": "share/man/man3/el_wline.3",
        "path_type": "softlink",
        "sha256": "ceade349cbe23ad2e65ad2cd558ea973fef7adaaf7691505839afaf79f1f61a2",
        "size_in_bytes": 23493
      },
      {
        "_path": "share/man/man3/el_wparse.3",
        "path_type": "softlink",
        "sha256": "ceade349cbe23ad2e65ad2cd558ea973fef7adaaf7691505839afaf79f1f61a2",
        "size_in_bytes": 23493
      },
      {
        "_path": "share/man/man3/el_wpush.3",
        "path_type": "softlink",
        "sha256": "ceade349cbe23ad2e65ad2cd558ea973fef7adaaf7691505839afaf79f1f61a2",
        "size_in_bytes": 23493
      },
      {
        "_path": "share/man/man3/el_wset.3",
        "path_type": "softlink",
        "sha256": "ceade349cbe23ad2e65ad2cd558ea973fef7adaaf7691505839afaf79f1f61a2",
        "size_in_bytes": 23493
      },
      {
        "_path": "share/man/man3/history_end.3",
        "path_type": "softlink",
        "sha256": "ceade349cbe23ad2e65ad2cd558ea973fef7adaaf7691505839afaf79f1f61a2",
        "size_in_bytes": 23493
      },
      {
        "_path": "share/man/man3/history_init.3",
        "path_type": "softlink",
        "sha256": "ceade349cbe23ad2e65ad2cd558ea973fef7adaaf7691505839afaf79f1f61a2",
        "size_in_bytes": 23493
      },
      {
        "_path": "share/man/man3/history_w.3",
        "path_type": "softlink",
        "sha256": "ceade349cbe23ad2e65ad2cd558ea973fef7adaaf7691505839afaf79f1f61a2",
        "size_in_bytes": 23493
      },
      {
        "_path": "share/man/man3/history_wend.3",
        "path_type": "softlink",
        "sha256": "ceade349cbe23ad2e65ad2cd558ea973fef7adaaf7691505839afaf79f1f61a2",
        "size_in_bytes": 23493
      },
      {
        "_path": "share/man/man3/history_winit.3",
        "path_type": "softlink",
        "sha256": "ceade349cbe23ad2e65ad2cd558ea973fef7adaaf7691505839afaf79f1f61a2",
        "size_in_bytes": 23493
      },
      {
        "_path": "share/man/man3/tok_end.3",
        "path_type": "softlink",
        "sha256": "ceade349cbe23ad2e65ad2cd558ea973fef7adaaf7691505839afaf79f1f61a2",
        "size_in_bytes": 23493
      },
      {
        "_path": "share/man/man3/tok_init.3",
        "path_type": "softlink",
        "sha256": "ceade349cbe23ad2e65ad2cd558ea973fef7adaaf7691505839afaf79f1f61a2",
        "size_in_bytes": 23493
      },
      {
        "_path": "share/man/man3/tok_line.3",
        "path_type": "softlink",
        "sha256": "ceade349cbe23ad2e65ad2cd558ea973fef7adaaf7691505839afaf79f1f61a2",
        "size_in_bytes": 23493
      },
      {
        "_path": "share/man/man3/tok_reset.3",
        "path_type": "softlink",
        "sha256": "ceade349cbe23ad2e65ad2cd558ea973fef7adaaf7691505839afaf79f1f61a2",
        "size_in_bytes": 23493
      },
      {
        "_path": "share/man/man3/tok_str.3",
        "path_type": "softlink",
        "sha256": "ceade349cbe23ad2e65ad2cd558ea973fef7adaaf7691505839afaf79f1f61a2",
        "size_in_bytes": 23493
      },
      {
        "_path": "share/man/man3/tok_wend.3",
        "path_type": "softlink",
        "sha256": "ceade349cbe23ad2e65ad2cd558ea973fef7adaaf7691505839afaf79f1f61a2",
        "size_in_bytes": 23493
      },
      {
        "_path": "share/man/man3/tok_winit.3",
        "path_type": "softlink",
        "sha256": "ceade349cbe23ad2e65ad2cd558ea973fef7adaaf7691505839afaf79f1f61a2",
        "size_in_bytes": 23493
      },
      {
        "_path": "share/man/man3/tok_wline.3",
        "path_type": "softlink",
        "sha256": "ceade349cbe23ad2e65ad2cd558ea973fef7adaaf7691505839afaf79f1f61a2",
        "size_in_bytes": 23493
      },
      {
        "_path": "share/man/man3/tok_wreset.3",
        "path_type": "softlink",
        "sha256": "ceade349cbe23ad2e65ad2cd558ea973fef7adaaf7691505839afaf79f1f61a2",
        "size_in_bytes": 23493
      },
      {
        "_path": "share/man/man3/tok_wstr.3",
        "path_type": "softlink",
        "sha256": "ceade349cbe23ad2e65ad2cd558ea973fef7adaaf7691505839afaf79f1f61a2",
        "size_in_bytes": 23493
      },
      {
        "_path": "share/man/man5/editrc.5",
        "path_type": "hardlink",
        "sha256": "de59bc0ed2f970f85a60e0ee9c5cb580719e22351e89c4e3af1880948e613033",
        "sha256_in_prefix": "de59bc0ed2f970f85a60e0ee9c5cb580719e22351e89c4e3af1880948e613033",
        "size_in_bytes": 6891
      },
      {
        "_path": "share/man/man7/editline.7",
        "path_type": "hardlink",
        "sha256": "cd185b0732714b6dae4e4b06d392427ac9f28de5084cbb2d0d54e6c2ef46ac4a",
        "sha256_in_prefix": "cd185b0732714b6dae4e4b06d392427ac9f28de5084cbb2d0d54e6c2ef46ac4a",
        "size_in_bytes": 33733
      }
    ],
    "paths_version": 1
  },
  "platform": "darwin",
  "requested_spec": "None",
  "size": 156268,
  "subdir": "osx-64",
  "timestamp": 1505173570955,
  "url": "https://repo.continuum.io/pkgs/main/osx-64/libedit-3.1-hb4e282d_0.tar.bz2",
  "version": "3.1"
}