{
  "arch": "x86_64",
  "build": "py36_0",
  "build_number": 0,
  "channel": "https://repo.continuum.io/pkgs/main/osx-64",
  "constrains": [],
  "depends": [
    "certifi >=2016.09",
    "python >=3.6,<3.7.0a0"
  ],
  "extracted_package_dir": "/Users/fanwei/miniconda2/pkgs/setuptools-39.0.1-py36_0",
  "files": [
    "bin/easy_install",
    "lib/python3.6/site-packages/__pycache__/easy_install.cpython-36.pyc",
    "lib/python3.6/site-packages/easy_install.py",
    "lib/python3.6/site-packages/pkg_resources/__init__.py",
    "lib/python3.6/site-packages/pkg_resources/__pycache__/__init__.cpython-36.pyc",
    "lib/python3.6/site-packages/pkg_resources/__pycache__/py31compat.cpython-36.pyc",
    "lib/python3.6/site-packages/pkg_resources/_vendor/__init__.py",
    "lib/python3.6/site-packages/pkg_resources/_vendor/__pycache__/__init__.cpython-36.pyc",
    "lib/python3.6/site-packages/pkg_resources/_vendor/__pycache__/appdirs.cpython-36.pyc",
    "lib/python3.6/site-packages/pkg_resources/_vendor/__pycache__/pyparsing.cpython-36.pyc",
    "lib/python3.6/site-packages/pkg_resources/_vendor/__pycache__/six.cpython-36.pyc",
    "lib/python3.6/site-packages/pkg_resources/_vendor/appdirs.py",
    "lib/python3.6/site-packages/pkg_resources/_vendor/packaging/__about__.py",
    "lib/python3.6/site-packages/pkg_resources/_vendor/packaging/__init__.py",
    "lib/python3.6/site-packages/pkg_resources/_vendor/packaging/__pycache__/__about__.cpython-36.pyc",
    "lib/python3.6/site-packages/pkg_resources/_vendor/packaging/__pycache__/__init__.cpython-36.pyc",
    "lib/python3.6/site-packages/pkg_resources/_vendor/packaging/__pycache__/_compat.cpython-36.pyc",
    "lib/python3.6/site-packages/pkg_resources/_vendor/packaging/__pycache__/_structures.cpython-36.pyc",
    "lib/python3.6/site-packages/pkg_resources/_vendor/packaging/__pycache__/markers.cpython-36.pyc",
    "lib/python3.6/site-packages/pkg_resources/_vendor/packaging/__pycache__/requirements.cpython-36.pyc",
    "lib/python3.6/site-packages/pkg_resources/_vendor/packaging/__pycache__/specifiers.cpython-36.pyc",
    "lib/python3.6/site-packages/pkg_resources/_vendor/packaging/__pycache__/utils.cpython-36.pyc",
    "lib/python3.6/site-packages/pkg_resources/_vendor/packaging/__pycache__/version.cpython-36.pyc",
    "lib/python3.6/site-packages/pkg_resources/_vendor/packaging/_compat.py",
    "lib/python3.6/site-packages/pkg_resources/_vendor/packaging/_structures.py",
    "lib/python3.6/site-packages/pkg_resources/_vendor/packaging/markers.py",
    "lib/python3.6/site-packages/pkg_resources/_vendor/packaging/requirements.py",
    "lib/python3.6/site-packages/pkg_resources/_vendor/packaging/specifiers.py",
    "lib/python3.6/site-packages/pkg_resources/_vendor/packaging/utils.py",
    "lib/python3.6/site-packages/pkg_resources/_vendor/packaging/version.py",
    "lib/python3.6/site-packages/pkg_resources/_vendor/pyparsing.py",
    "lib/python3.6/site-packages/pkg_resources/_vendor/six.py",
    "lib/python3.6/site-packages/pkg_resources/extern/__init__.py",
    "lib/python3.6/site-packages/pkg_resources/extern/__pycache__/__init__.cpython-36.pyc",
    "lib/python3.6/site-packages/pkg_resources/py31compat.py",
    "lib/python3.6/site-packages/setuptools-39.0.1-py3.6.egg-info/PKG-INFO",
    "lib/python3.6/site-packages/setuptools-39.0.1-py3.6.egg-info/SOURCES.txt",
    "lib/python3.6/site-packages/setuptools-39.0.1-py3.6.egg-info/dependency_links.txt",
    "lib/python3.6/site-packages/setuptools-39.0.1-py3.6.egg-info/entry_points.txt",
    "lib/python3.6/site-packages/setuptools-39.0.1-py3.6.egg-info/top_level.txt",
    "lib/python3.6/site-packages/setuptools-39.0.1-py3.6.egg-info/zip-safe",
    "lib/python3.6/site-packages/setuptools/__init__.py",
    "lib/python3.6/site-packages/setuptools/__pycache__/__init__.cpython-36.pyc",
    "lib/python3.6/site-packages/setuptools/__pycache__/archive_util.cpython-36.pyc",
    "lib/python3.6/site-packages/setuptools/__pycache__/build_meta.cpython-36.pyc",
    "lib/python3.6/site-packages/setuptools/__pycache__/config.cpython-36.pyc",
    "lib/python3.6/site-packages/setuptools/__pycache__/dep_util.cpython-36.pyc",
    "lib/python3.6/site-packages/setuptools/__pycache__/depends.cpython-36.pyc",
    "lib/python3.6/site-packages/setuptools/__pycache__/dist.cpython-36.pyc",
    "lib/python3.6/site-packages/setuptools/__pycache__/extension.cpython-36.pyc",
    "lib/python3.6/site-packages/setuptools/__pycache__/glibc.cpython-36.pyc",
    "lib/python3.6/site-packages/setuptools/__pycache__/glob.cpython-36.pyc",
    "lib/python3.6/site-packages/setuptools/__pycache__/launch.cpython-36.pyc",
    "lib/python3.6/site-packages/setuptools/__pycache__/lib2to3_ex.cpython-36.pyc",
    "lib/python3.6/site-packages/setuptools/__pycache__/monkey.cpython-36.pyc",
    "lib/python3.6/site-packages/setuptools/__pycache__/msvc.cpython-36.pyc",
    "lib/python3.6/site-packages/setuptools/__pycache__/namespaces.cpython-36.pyc",
    "lib/python3.6/site-packages/setuptools/__pycache__/package_index.cpython-36.pyc",
    "lib/python3.6/site-packages/setuptools/__pycache__/pep425tags.cpython-36.pyc",
    "lib/python3.6/site-packages/setuptools/__pycache__/py27compat.cpython-36.pyc",
    "lib/python3.6/site-packages/setuptools/__pycache__/py31compat.cpython-36.pyc",
    "lib/python3.6/site-packages/setuptools/__pycache__/py33compat.cpython-36.pyc",
    "lib/python3.6/site-packages/setuptools/__pycache__/py36compat.cpython-36.pyc",
    "lib/python3.6/site-packages/setuptools/__pycache__/sandbox.cpython-36.pyc",
    "lib/python3.6/site-packages/setuptools/__pycache__/site-patch.cpython-36.pyc",
    "lib/python3.6/site-packages/setuptools/__pycache__/ssl_support.cpython-36.pyc",
    "lib/python3.6/site-packages/setuptools/__pycache__/unicode_utils.cpython-36.pyc",
    "lib/python3.6/site-packages/setuptools/__pycache__/version.cpython-36.pyc",
    "lib/python3.6/site-packages/setuptools/__pycache__/wheel.cpython-36.pyc",
    "lib/python3.6/site-packages/setuptools/__pycache__/windows_support.cpython-36.pyc",
    "lib/python3.6/site-packages/setuptools/_vendor/__init__.py",
    "lib/python3.6/site-packages/setuptools/_vendor/__pycache__/__init__.cpython-36.pyc",
    "lib/python3.6/site-packages/setuptools/_vendor/__pycache__/pyparsing.cpython-36.pyc",
    "lib/python3.6/site-packages/setuptools/_vendor/__pycache__/six.cpython-36.pyc",
    "lib/python3.6/site-packages/setuptools/_vendor/packaging/__about__.py",
    "lib/python3.6/site-packages/setuptools/_vendor/packaging/__init__.py",
    "lib/python3.6/site-packages/setuptools/_vendor/packaging/__pycache__/__about__.cpython-36.pyc",
    "lib/python3.6/site-packages/setuptools/_vendor/packaging/__pycache__/__init__.cpython-36.pyc",
    "lib/python3.6/site-packages/setuptools/_vendor/packaging/__pycache__/_compat.cpython-36.pyc",
    "lib/python3.6/site-packages/setuptools/_vendor/packaging/__pycache__/_structures.cpython-36.pyc",
    "lib/python3.6/site-packages/setuptools/_vendor/packaging/__pycache__/markers.cpython-36.pyc",
    "lib/python3.6/site-packages/setuptools/_vendor/packaging/__pycache__/requirements.cpython-36.pyc",
    "lib/python3.6/site-packages/setuptools/_vendor/packaging/__pycache__/specifiers.cpython-36.pyc",
    "lib/python3.6/site-packages/setuptools/_vendor/packaging/__pycache__/utils.cpython-36.pyc",
    "lib/python3.6/site-packages/setuptools/_vendor/packaging/__pycache__/version.cpython-36.pyc",
    "lib/python3.6/site-packages/setuptools/_vendor/packaging/_compat.py",
    "lib/python3.6/site-packages/setuptools/_vendor/packaging/_structures.py",
    "lib/python3.6/site-packages/setuptools/_vendor/packaging/markers.py",
    "lib/python3.6/site-packages/setuptools/_vendor/packaging/requirements.py",
    "lib/python3.6/site-packages/setuptools/_vendor/packaging/specifiers.py",
    "lib/python3.6/site-packages/setuptools/_vendor/packaging/utils.py",
    "lib/python3.6/site-packages/setuptools/_vendor/packaging/version.py",
    "lib/python3.6/site-packages/setuptools/_vendor/pyparsing.py",
    "lib/python3.6/site-packages/setuptools/_vendor/six.py",
    "lib/python3.6/site-packages/setuptools/archive_util.py",
    "lib/python3.6/site-packages/setuptools/build_meta.py",
    "lib/python3.6/site-packages/setuptools/cli-32.exe",
    "lib/python3.6/site-packages/setuptools/cli-64.exe",
    "lib/python3.6/site-packages/setuptools/cli.exe",
    "lib/python3.6/site-packages/setuptools/command/__init__.py",
    "lib/python3.6/site-packages/setuptools/command/__pycache__/__init__.cpython-36.pyc",
    "lib/python3.6/site-packages/setuptools/command/__pycache__/alias.cpython-36.pyc",
    "lib/python3.6/site-packages/setuptools/command/__pycache__/bdist_egg.cpython-36.pyc",
    "lib/python3.6/site-packages/setuptools/command/__pycache__/bdist_rpm.cpython-36.pyc",
    "lib/python3.6/site-packages/setuptools/command/__pycache__/bdist_wininst.cpython-36.pyc",
    "lib/python3.6/site-packages/setuptools/command/__pycache__/build_clib.cpython-36.pyc",
    "lib/python3.6/site-packages/setuptools/command/__pycache__/build_ext.cpython-36.pyc",
    "lib/python3.6/site-packages/setuptools/command/__pycache__/build_py.cpython-36.pyc",
    "lib/python3.6/site-packages/setuptools/command/__pycache__/develop.cpython-36.pyc",
    "lib/python3.6/site-packages/setuptools/command/__pycache__/dist_info.cpython-36.pyc",
    "lib/python3.6/site-packages/setuptools/command/__pycache__/easy_install.cpython-36.pyc",
    "lib/python3.6/site-packages/setuptools/command/__pycache__/egg_info.cpython-36.pyc",
    "lib/python3.6/site-packages/setuptools/command/__pycache__/install.cpython-36.pyc",
    "lib/python3.6/site-packages/setuptools/command/__pycache__/install_egg_info.cpython-36.pyc",
    "lib/python3.6/site-packages/setuptools/command/__pycache__/install_lib.cpython-36.pyc",
    "lib/python3.6/site-packages/setuptools/command/__pycache__/install_scripts.cpython-36.pyc",
    "lib/python3.6/site-packages/setuptools/command/__pycache__/py36compat.cpython-36.pyc",
    "lib/python3.6/site-packages/setuptools/command/__pycache__/register.cpython-36.pyc",
    "lib/python3.6/site-packages/setuptools/command/__pycache__/rotate.cpython-36.pyc",
    "lib/python3.6/site-packages/setuptools/command/__pycache__/saveopts.cpython-36.pyc",
    "lib/python3.6/site-packages/setuptools/command/__pycache__/sdist.cpython-36.pyc",
    "lib/python3.6/site-packages/setuptools/command/__pycache__/setopt.cpython-36.pyc",
    "lib/python3.6/site-packages/setuptools/command/__pycache__/test.cpython-36.pyc",
    "lib/python3.6/site-packages/setuptools/command/__pycache__/upload.cpython-36.pyc",
    "lib/python3.6/site-packages/setuptools/command/__pycache__/upload_docs.cpython-36.pyc",
    "lib/python3.6/site-packages/setuptools/command/alias.py",
    "lib/python3.6/site-packages/setuptools/command/bdist_egg.py",
    "lib/python3.6/site-packages/setuptools/command/bdist_rpm.py",
    "lib/python3.6/site-packages/setuptools/command/bdist_wininst.py",
    "lib/python3.6/site-packages/setuptools/command/build_clib.py",
    "lib/python3.6/site-packages/setuptools/command/build_ext.py",
    "lib/python3.6/site-packages/setuptools/command/build_py.py",
    "lib/python3.6/site-packages/setuptools/command/develop.py",
    "lib/python3.6/site-packages/setuptools/command/dist_info.py",
    "lib/python3.6/site-packages/setuptools/command/easy_install.py",
    "lib/python3.6/site-packages/setuptools/command/egg_info.py",
    "lib/python3.6/site-packages/setuptools/command/install.py",
    "lib/python3.6/site-packages/setuptools/command/install_egg_info.py",
    "lib/python3.6/site-packages/setuptools/command/install_lib.py",
    "lib/python3.6/site-packages/setuptools/command/install_scripts.py",
    "lib/python3.6/site-packages/setuptools/command/launcher manifest.xml",
    "lib/python3.6/site-packages/setuptools/command/py36compat.py",
    "lib/python3.6/site-packages/setuptools/command/register.py",
    "lib/python3.6/site-packages/setuptools/command/rotate.py",
    "lib/python3.6/site-packages/setuptools/command/saveopts.py",
    "lib/python3.6/site-packages/setuptools/command/sdist.py",
    "lib/python3.6/site-packages/setuptools/command/setopt.py",
    "lib/python3.6/site-packages/setuptools/command/test.py",
    "lib/python3.6/site-packages/setuptools/command/upload.py",
    "lib/python3.6/site-packages/setuptools/command/upload_docs.py",
    "lib/python3.6/site-packages/setuptools/config.py",
    "lib/python3.6/site-packages/setuptools/dep_util.py",
    "lib/python3.6/site-packages/setuptools/depends.py",
    "lib/python3.6/site-packages/setuptools/dist.py",
    "lib/python3.6/site-packages/setuptools/extension.py",
    "lib/python3.6/site-packages/setuptools/extern/__init__.py",
    "lib/python3.6/site-packages/setuptools/extern/__pycache__/__init__.cpython-36.pyc",
    "lib/python3.6/site-packages/setuptools/glibc.py",
    "lib/python3.6/site-packages/setuptools/glob.py",
    "lib/python3.6/site-packages/setuptools/gui-32.exe",
    "lib/python3.6/site-packages/setuptools/gui-64.exe",
    "lib/python3.6/site-packages/setuptools/gui.exe",
    "lib/python3.6/site-packages/setuptools/launch.py",
    "lib/python3.6/site-packages/setuptools/lib2to3_ex.py",
    "lib/python3.6/site-packages/setuptools/monkey.py",
    "lib/python3.6/site-packages/setuptools/msvc.py",
    "lib/python3.6/site-packages/setuptools/namespaces.py",
    "lib/python3.6/site-packages/setuptools/package_index.py",
    "lib/python3.6/site-packages/setuptools/pep425tags.py",
    "lib/python3.6/site-packages/setuptools/py27compat.py",
    "lib/python3.6/site-packages/setuptools/py31compat.py",
    "lib/python3.6/site-packages/setuptools/py33compat.py",
    "lib/python3.6/site-packages/setuptools/py36compat.py",
    "lib/python3.6/site-packages/setuptools/sandbox.py",
    "lib/python3.6/site-packages/setuptools/script (dev).tmpl",
    "lib/python3.6/site-packages/setuptools/script.tmpl",
    "lib/python3.6/site-packages/setuptools/site-patch.py",
    "lib/python3.6/site-packages/setuptools/ssl_support.py",
    "lib/python3.6/site-packages/setuptools/unicode_utils.py",
    "lib/python3.6/site-packages/setuptools/version.py",
    "lib/python3.6/site-packages/setuptools/wheel.py",
    "lib/python3.6/site-packages/setuptools/windows_support.py"
  ],
  "fn": "setuptools-39.0.1-py36_0.tar.bz2",
  "license": "MIT",
  "license_family": "MIT",
  "link": {
    "source": "/Users/fanwei/miniconda2/pkgs/setuptools-39.0.1-py36_0",
    "type": 1
  },
  "md5": "bfd7fa788d96533c2623da01280ba3f5",
  "name": "setuptools",
  "package_tarball_full_path": "/Users/fanwei/miniconda2/pkgs/setuptools-39.0.1-py36_0.tar.bz2",
  "paths_data": {
    "paths": [
      {
        "_path": "bin/easy_install",
        "file_mode": "text",
        "path_type": "hardlink",
        "prefix_placeholder": "/opt/anaconda1anaconda2anaconda3",
        "sha256": "7d8cb796688b07706383f874a0981d7b548c0dadd2e8c3a06b550678eb1b6b85",
        "sha256_in_prefix": "d581bd3c2f8a8524efe80fb2fad472009ed886049b33e4fc9d39022a9ccbbf42",
        "size_in_bytes": 261
      },
      {
        "_path": "lib/python3.6/site-packages/__pycache__/easy_install.cpython-36.pyc",
        "path_type": "hardlink",
        "sha256": "cd3e6669f529c4d45acbbe9ac2fa5adc0982436c08c35cafb077528dce2eb809",
        "sha256_in_prefix": "cd3e6669f529c4d45acbbe9ac2fa5adc0982436c08c35cafb077528dce2eb809",
        "size_in_bytes": 268
      },
      {
        "_path": "lib/python3.6/site-packages/easy_install.py",
        "path_type": "hardlink",
        "sha256": "3030bdbede40c43b175f9a9c2a5073d939d6e93a6ebff0286e77e1089f57dcf3",
        "sha256_in_prefix": "3030bdbede40c43b175f9a9c2a5073d939d6e93a6ebff0286e77e1089f57dcf3",
        "size_in_bytes": 126
      },
      {
        "_path": "lib/python3.6/site-packages/pkg_resources/__init__.py",
        "path_type": "hardlink",
        "sha256": "610e3f5909cfced32c532d72bafa7b65104f2bd2213b2860a2c2e9be416ca352",
        "sha256_in_prefix": "610e3f5909cfced32c532d72bafa7b65104f2bd2213b2860a2c2e9be416ca352",
        "size_in_bytes": 103551
      },
      {
        "_path": "lib/python3.6/site-packages/pkg_resources/__pycache__/__init__.cpython-36.pyc",
        "path_type": "hardlink",
        "sha256": "75b28ba6a57fa8e06ae963c160d157f73c4cc8f4dd446e1735f067aec353ab6f",
        "sha256_in_prefix": "75b28ba6a57fa8e06ae963c160d157f73c4cc8f4dd446e1735f067aec353ab6f",
        "size_in_bytes": 95300
      },
      {
        "_path": "lib/python3.6/site-packages/pkg_resources/__pycache__/py31compat.cpython-36.pyc",
        "path_type": "hardlink",
        "sha256": "723a934795893725b99e478cdbba79c0abe10625d9bd8a98e9c886a808d91eeb",
        "sha256_in_prefix": "723a934795893725b99e478cdbba79c0abe10625d9bd8a98e9c886a808d91eeb",
        "size_in_bytes": 647
      },
      {
        "_path": "lib/python3.6/site-packages/pkg_resources/_vendor/__init__.py",
        "path_type": "hardlink",
        "sha256": "e3b0c44298fc1c149afbf4c8996fb92427ae41e4649b934ca495991b7852b855",
        "sha256_in_prefix": "e3b0c44298fc1c149afbf4c8996fb92427ae41e4649b934ca495991b7852b855",
        "size_in_bytes": 0
      },
      {
        "_path": "lib/python3.6/site-packages/pkg_resources/_vendor/__pycache__/__init__.cpython-36.pyc",
        "path_type": "hardlink",
        "sha256": "7fd4c6d6b45ecfe4928745f712bc16d33465b3ccc067d510b23441c790837a1c",
        "sha256_in_prefix": "7fd4c6d6b45ecfe4928745f712bc16d33465b3ccc067d510b23441c790837a1c",
        "size_in_bytes": 144
      },
      {
        "_path": "lib/python3.6/site-packages/pkg_resources/_vendor/__pycache__/appdirs.cpython-36.pyc",
        "path_type": "hardlink",
        "sha256": "81c4dd34eb7aa57c146d90dee3e8edff5be8332190aaf16318a51577afa3acd9",
        "sha256_in_prefix": "81c4dd34eb7aa57c146d90dee3e8edff5be8332190aaf16318a51577afa3acd9",
        "size_in_bytes": 18570
      },
      {
        "_path": "lib/python3.6/site-packages/pkg_resources/_vendor/__pycache__/pyparsing.cpython-36.pyc",
        "path_type": "hardlink",
        "sha256": "12b9f82d23f8243a801462f9a8960e6c827fca7136ab139c5b6a9856d5d124bc",
        "sha256_in_prefix": "12b9f82d23f8243a801462f9a8960e6c827fca7136ab139c5b6a9856d5d124bc",
        "size_in_bytes": 201066
      },
      {
        "_path": "lib/python3.6/site-packages/pkg_resources/_vendor/__pycache__/six.cpython-36.pyc",
        "path_type": "hardlink",
        "sha256": "eaac3acbfcc134a2f8898794d6e33a54ac23a06219f96c11ab6a08efc50607d8",
        "sha256_in_prefix": "eaac3acbfcc134a2f8898794d6e33a54ac23a06219f96c11ab6a08efc50607d8",
        "size_in_bytes": 24441
      },
      {
        "_path": "lib/python3.6/site-packages/pkg_resources/_vendor/appdirs.py",
        "path_type": "hardlink",
        "sha256": "b6019a2f49b8268d957ae19fa0e3a27cbbfb6bba14109bb69f5bd192aa0fc3ed",
        "sha256_in_prefix": "b6019a2f49b8268d957ae19fa0e3a27cbbfb6bba14109bb69f5bd192aa0fc3ed",
        "size_in_bytes": 22374
      },
      {
        "_path": "lib/python3.6/site-packages/pkg_resources/_vendor/packaging/__about__.py",
        "path_type": "hardlink",
        "sha256": "ce47023d337fe9370b5b436b960d35efaf91d5043f5953d39bcb33d51e3e1e33",
        "sha256_in_prefix": "ce47023d337fe9370b5b436b960d35efaf91d5043f5953d39bcb33d51e3e1e33",
        "size_in_bytes": 720
      },
      {
        "_path": "lib/python3.6/site-packages/pkg_resources/_vendor/packaging/__init__.py",
        "path_type": "hardlink",
        "sha256": "fef35a7394ebcf0b2bcdb38521b17ee5c1ea73f63668f4f60fbceb211d3a04ea",
        "sha256_in_prefix": "fef35a7394ebcf0b2bcdb38521b17ee5c1ea73f63668f4f60fbceb211d3a04ea",
        "size_in_bytes": 513
      },
      {
        "_path": "lib/python3.6/site-packages/pkg_resources/_vendor/packaging/__pycache__/__about__.cpython-36.pyc",
        "path_type": "hardlink",
        "sha256": "7ba58a4fc1e2aed00a1034a6bb8ddf70046cd17019436039b287924e4e3ea877",
        "sha256_in_prefix": "7ba58a4fc1e2aed00a1034a6bb8ddf70046cd17019436039b287924e4e3ea877",
        "size_in_bytes": 680
      },
      {
        "_path": "lib/python3.6/site-packages/pkg_resources/_vendor/packaging/__pycache__/__init__.cpython-36.pyc",
        "path_type": "hardlink",
        "sha256": "8b2022ed24922def341e7b78de11c2475cfcce791b53b085431bafc455d16baf",
        "sha256_in_prefix": "8b2022ed24922def341e7b78de11c2475cfcce791b53b085431bafc455d16baf",
        "size_in_bytes": 518
      },
      {
        "_path": "lib/python3.6/site-packages/pkg_resources/_vendor/packaging/__pycache__/_compat.cpython-36.pyc",
        "path_type": "hardlink",
        "sha256": "e6e6f1857989170e273e6cb6c076d9aed0850910fb1187399be2e2733dacb913",
        "sha256_in_prefix": "e6e6f1857989170e273e6cb6c076d9aed0850910fb1187399be2e2733dacb913",
        "size_in_bytes": 965
      },
      {
        "_path": "lib/python3.6/site-packages/pkg_resources/_vendor/packaging/__pycache__/_structures.cpython-36.pyc",
        "path_type": "hardlink",
        "sha256": "316a7ba3711f834a7fac7e19d54341dfbbd0bf5f17da8405eb2adebf19117798",
        "sha256_in_prefix": "316a7ba3711f834a7fac7e19d54341dfbbd0bf5f17da8405eb2adebf19117798",
        "size_in_bytes": 2822
      },
      {
        "_path": "lib/python3.6/site-packages/pkg_resources/_vendor/packaging/__pycache__/markers.cpython-36.pyc",
        "path_type": "hardlink",
        "sha256": "410dd29082d729afc04fb5e75068906ec7eedb8d31cfde4b9d0342b853b47d97",
        "sha256_in_prefix": "410dd29082d729afc04fb5e75068906ec7eedb8d31cfde4b9d0342b853b47d97",
        "size_in_bytes": 8845
      },
      {
        "_path": "lib/python3.6/site-packages/pkg_resources/_vendor/packaging/__pycache__/requirements.cpython-36.pyc",
        "path_type": "hardlink",
        "sha256": "aed5d330ab7fe84d7863704430bb77fab819f3b03371bfe450d0d1dbd5272ac3",
        "sha256_in_prefix": "aed5d330ab7fe84d7863704430bb77fab819f3b03371bfe450d0d1dbd5272ac3",
        "size_in_bytes": 3841
      },
      {
        "_path": "lib/python3.6/site-packages/pkg_resources/_vendor/packaging/__pycache__/specifiers.cpython-36.pyc",
        "path_type": "hardlink",
        "sha256": "8bd7e09e62acdd9680138571a51ec80373ee0be79f38885477733180dbbb3c66",
        "sha256_in_prefix": "8bd7e09e62acdd9680138571a51ec80373ee0be79f38885477733180dbbb3c66",
        "size_in_bytes": 19784
      },
      {
        "_path": "lib/python3.6/site-packages/pkg_resources/_vendor/packaging/__pycache__/utils.cpython-36.pyc",
        "path_type": "hardlink",
        "sha256": "9f4e3df25f181f8f4624aabcfff6f6cfef7c42df4ddef2d781fb0996f8317255",
        "sha256_in_prefix": "9f4e3df25f181f8f4624aabcfff6f6cfef7c42df4ddef2d781fb0996f8317255",
        "size_in_bytes": 449
      },
      {
        "_path": "lib/python3.6/site-packages/pkg_resources/_vendor/packaging/__pycache__/version.cpython-36.pyc",
        "path_type": "hardlink",
        "sha256": "334bfc54799b09f9d6426988b3b8d44302160d62512048a806b54dc0ae7a170d",
        "sha256_in_prefix": "334bfc54799b09f9d6426988b3b8d44302160d62512048a806b54dc0ae7a170d",
        "size_in_bytes": 10559
      },
      {
        "_path": "lib/python3.6/site-packages/pkg_resources/_vendor/packaging/_compat.py",
        "path_type": "hardlink",
        "sha256": "562fc0d2b0107876d4f9af57d2db75c909bd46a92041b0d2c73470f16954f640",
        "sha256_in_prefix": "562fc0d2b0107876d4f9af57d2db75c909bd46a92041b0d2c73470f16954f640",
        "size_in_bytes": 860
      },
      {
        "_path": "lib/python3.6/site-packages/pkg_resources/_vendor/packaging/_structures.py",
        "path_type": "hardlink",
        "sha256": "448984089e1cff04e5693618c1960b1c489e6c331a00998ad683c0461c354f9a",
        "sha256_in_prefix": "448984089e1cff04e5693618c1960b1c489e6c331a00998ad683c0461c354f9a",
        "size_in_bytes": 1416
      },
      {
        "_path": "lib/python3.6/site-packages/pkg_resources/_vendor/packaging/markers.py",
        "path_type": "hardlink",
        "sha256": "b8470106d1afcea96d82702ba9bf5ce11adc2275decc32e8b35e336c11e1589a",
        "sha256_in_prefix": "b8470106d1afcea96d82702ba9bf5ce11adc2275decc32e8b35e336c11e1589a",
        "size_in_bytes": 8248
      },
      {
        "_path": "lib/python3.6/site-packages/pkg_resources/_vendor/packaging/requirements.py",
        "path_type": "hardlink",
        "sha256": "4a290bd94ca76ec4f4aad63d96daa78277616bfb1fa34c3a5c6161021a12a1a4",
        "sha256_in_prefix": "4a290bd94ca76ec4f4aad63d96daa78277616bfb1fa34c3a5c6161021a12a1a4",
        "size_in_bytes": 4355
      },
      {
        "_path": "lib/python3.6/site-packages/pkg_resources/_vendor/packaging/specifiers.py",
        "path_type": "hardlink",
        "sha256": "4803117abcceddf2b622415909a664bb065a2ff106a8734ecf8a678b8be19cdd",
        "sha256_in_prefix": "4803117abcceddf2b622415909a664bb065a2ff106a8734ecf8a678b8be19cdd",
        "size_in_bytes": 28025
      },
      {
        "_path": "lib/python3.6/site-packages/pkg_resources/_vendor/packaging/utils.py",
        "path_type": "hardlink",
        "sha256": "de6e96bcf9ba34dc44f2b9131a69f4afbe41fc66521a0ee291a7f11ec04dd560",
        "sha256_in_prefix": "de6e96bcf9ba34dc44f2b9131a69f4afbe41fc66521a0ee291a7f11ec04dd560",
        "size_in_bytes": 421
      },
      {
        "_path": "lib/python3.6/site-packages/pkg_resources/_vendor/packaging/version.py",
        "path_type": "hardlink",
        "sha256": "3b01a7c587ebda084dcd8c79f6a588064acadd29c1ea7f997ddd5768ba679ccd",
        "sha256_in_prefix": "3b01a7c587ebda084dcd8c79f6a588064acadd29c1ea7f997ddd5768ba679ccd",
        "size_in_bytes": 11556
      },
      {
        "_path": "lib/python3.6/site-packages/pkg_resources/_vendor/pyparsing.py",
        "path_type": "hardlink",
        "sha256": "3e27de2d8dfe5a121c055ccbb6fd14e13fe9c03b4faee061042920e6f2ea6b6f",
        "sha256_in_prefix": "3e27de2d8dfe5a121c055ccbb6fd14e13fe9c03b4faee061042920e6f2ea6b6f",
        "size_in_bytes": 229867
      },
      {
        "_path": "lib/python3.6/site-packages/pkg_resources/_vendor/six.py",
        "path_type": "hardlink",
        "sha256": "03a85d259563237b7f81e79b67d07352fc11ac85e8d257f0cd094cd8b70ac9ab",
        "sha256_in_prefix": "03a85d259563237b7f81e79b67d07352fc11ac85e8d257f0cd094cd8b70ac9ab",
        "size_in_bytes": 30098
      },
      {
        "_path": "lib/python3.6/site-packages/pkg_resources/extern/__init__.py",
        "path_type": "hardlink",
        "sha256": "254b651c7be5c4748db81e295aa363731ee7ea41be7f05e0eea989db33499486",
        "sha256_in_prefix": "254b651c7be5c4748db81e295aa363731ee7ea41be7f05e0eea989db33499486",
        "size_in_bytes": 2487
      },
      {
        "_path": "lib/python3.6/site-packages/pkg_resources/extern/__pycache__/__init__.cpython-36.pyc",
        "path_type": "hardlink",
        "sha256": "110cd51436d62ebd3b9939aeca88ee4db70c124a8e5c7bf7b7539ffcbea93b2a",
        "sha256_in_prefix": "110cd51436d62ebd3b9939aeca88ee4db70c124a8e5c7bf7b7539ffcbea93b2a",
        "size_in_bytes": 2375
      },
      {
        "_path": "lib/python3.6/site-packages/pkg_resources/py31compat.py",
        "path_type": "hardlink",
        "sha256": "fb2b15aa8c4b7ad0272fde2e33490792898a4130b52592cdd99523a9484c78a1",
        "sha256_in_prefix": "fb2b15aa8c4b7ad0272fde2e33490792898a4130b52592cdd99523a9484c78a1",
        "size_in_bytes": 600
      },
      {
        "_path": "lib/python3.6/site-packages/setuptools-39.0.1-py3.6.egg-info/PKG-INFO",
        "path_type": "hardlink",
        "sha256": "fc1234ef70c817d6031194cf4336f39b0a03efd087ee9824d3600f9a36ae3429",
        "sha256_in_prefix": "fc1234ef70c817d6031194cf4336f39b0a03efd087ee9824d3600f9a36ae3429",
        "size_in_bytes": 2969
      },
      {
        "_path": "lib/python3.6/site-packages/setuptools-39.0.1-py3.6.egg-info/SOURCES.txt",
        "path_type": "hardlink",
        "sha256": "8c57d373187284ea063f3e8098326264306797fc1a350ec9aec0a3d1722e704e",
        "sha256_in_prefix": "8c57d373187284ea063f3e8098326264306797fc1a350ec9aec0a3d1722e704e",
        "size_in_bytes": 5939
      },
      {
        "_path": "lib/python3.6/site-packages/setuptools-39.0.1-py3.6.egg-info/dependency_links.txt",
        "path_type": "hardlink",
        "sha256": "01ba4719c80b6fe911b091a7c05124b64eeece964e09c058ef8f9805daca546b",
        "sha256_in_prefix": "01ba4719c80b6fe911b091a7c05124b64eeece964e09c058ef8f9805daca546b",
        "size_in_bytes": 1
      },
      {
        "_path": "lib/python3.6/site-packages/setuptools-39.0.1-py3.6.egg-info/entry_points.txt",
        "path_type": "hardlink",
        "sha256": "b3889b4ebe7fbfffae5ae79e9a0addccb5082ff6a078e32ab200802990e46361",
        "sha256_in_prefix": "b3889b4ebe7fbfffae5ae79e9a0addccb5082ff6a078e32ab200802990e46361",
        "size_in_bytes": 2934
      },
      {
        "_path": "lib/python3.6/site-packages/setuptools-39.0.1-py3.6.egg-info/top_level.txt",
        "path_type": "hardlink",
        "sha256": "d87517555c00e0f7dfd7181316bdc6b135d729a3da3babe51baa0d27fe2ee138",
        "sha256_in_prefix": "d87517555c00e0f7dfd7181316bdc6b135d729a3da3babe51baa0d27fe2ee138",
        "size_in_bytes": 38
      },
      {
        "_path": "lib/python3.6/site-packages/setuptools-39.0.1-py3.6.egg-info/zip-safe",
        "path_type": "hardlink",
        "sha256": "01ba4719c80b6fe911b091a7c05124b64eeece964e09c058ef8f9805daca546b",
        "sha256_in_prefix": "01ba4719c80b6fe911b091a7c05124b64eeece964e09c058ef8f9805daca546b",
        "size_in_bytes": 1
      },
      {
        "_path": "lib/python3.6/site-packages/setuptools/__init__.py",
        "path_type": "hardlink",
        "sha256": "59621d09b1499d9f5f6686960cdff1d6f0c0fd1926f92735e622af3ed218285b",
        "sha256_in_prefix": "59621d09b1499d9f5f6686960cdff1d6f0c0fd1926f92735e622af3ed218285b",
        "size_in_bytes": 5700
      },
      {
        "_path": "lib/python3.6/site-packages/setuptools/__pycache__/__init__.cpython-36.pyc",
        "path_type": "hardlink",
        "sha256": "8f289ad515f99cd10619d28c622224473582982b7dc24529b6edebb6381b7c52",
        "sha256_in_prefix": "8f289ad515f99cd10619d28c622224473582982b7dc24529b6edebb6381b7c52",
        "size_in_bytes": 6239
      },
      {
        "_path": "lib/python3.6/site-packages/setuptools/__pycache__/archive_util.cpython-36.pyc",
        "path_type": "hardlink",
        "sha256": "35b4a48083dab2d6171002245c43376e788304250e66a422cecbdff3265650e2",
        "sha256_in_prefix": "35b4a48083dab2d6171002245c43376e788304250e66a422cecbdff3265650e2",
        "size_in_bytes": 5087
      },
      {
        "_path": "lib/python3.6/site-packages/setuptools/__pycache__/build_meta.cpython-36.pyc",
        "path_type": "hardlink",
        "sha256": "a1ce6ed97d31db845ab6bfcf3d918fc4653ec2096792e9227441df61e8e769ed",
        "sha256_in_prefix": "a1ce6ed97d31db845ab6bfcf3d918fc4653ec2096792e9227441df61e8e769ed",
        "size_in_bytes": 5860
      },
      {
        "_path": "lib/python3.6/site-packages/setuptools/__pycache__/config.cpython-36.pyc",
        "path_type": "hardlink",
        "sha256": "b72161c8050ffcd27b1b5ebdf2ed25f0967cc45cf79ea3c83f117436ce22e6fc",
        "sha256_in_prefix": "b72161c8050ffcd27b1b5ebdf2ed25f0967cc45cf79ea3c83f117436ce22e6fc",
        "size_in_bytes": 14316
      },
      {
        "_path": "lib/python3.6/site-packages/setuptools/__pycache__/dep_util.cpython-36.pyc",
        "path_type": "hardlink",
        "sha256": "0368060623c709ea94e49d7a481b8a0567a9cea603fa9f8e011214003cf66142",
        "sha256_in_prefix": "0368060623c709ea94e49d7a481b8a0567a9cea603fa9f8e011214003cf66142",
        "size_in_bytes": 806
      },
      {
        "_path": "lib/python3.6/site-packages/setuptools/__pycache__/depends.cpython-36.pyc",
        "path_type": "hardlink",
        "sha256": "02be206e85347be38644799c800001a22c98d4c8fd4b27a6194e583c3626247b",
        "sha256_in_prefix": "02be206e85347be38644799c800001a22c98d4c8fd4b27a6194e583c3626247b",
        "size_in_bytes": 5232
      },
      {
        "_path": "lib/python3.6/site-packages/setuptools/__pycache__/dist.cpython-36.pyc",
        "path_type": "hardlink",
        "sha256": "55275929ab33ee1fcc4abd226930884642a7541fcb13df56c0131fe147400524",
        "sha256_in_prefix": "55275929ab33ee1fcc4abd226930884642a7541fcb13df56c0131fe147400524",
        "size_in_bytes": 36799
      },
      {
        "_path": "lib/python3.6/site-packages/setuptools/__pycache__/extension.cpython-36.pyc",
        "path_type": "hardlink",
        "sha256": "edccd879846557ea2384d4f378fdedc5cfed9f095aad0747004302c6c3f23b11",
        "sha256_in_prefix": "edccd879846557ea2384d4f378fdedc5cfed9f095aad0747004302c6c3f23b11",
        "size_in_bytes": 1926
      },
      {
        "_path": "lib/python3.6/site-packages/setuptools/__pycache__/glibc.cpython-36.pyc",
        "path_type": "hardlink",
        "sha256": "ffa68b9b8867d5e0ab77b21c2f661ed60776be993b4c99cae30333e419b2eab0",
        "sha256_in_prefix": "ffa68b9b8867d5e0ab77b21c2f661ed60776be993b4c99cae30333e419b2eab0",
        "size_in_bytes": 1496
      },
      {
        "_path": "lib/python3.6/site-packages/setuptools/__pycache__/glob.cpython-36.pyc",
        "path_type": "hardlink",
        "sha256": "3d33ab0d74f5e5a4b926a05f75cca31348781a6329d064866d51137b914aec71",
        "sha256_in_prefix": "3d33ab0d74f5e5a4b926a05f75cca31348781a6329d064866d51137b914aec71",
        "size_in_bytes": 3794
      },
      {
        "_path": "lib/python3.6/site-packages/setuptools/__pycache__/launch.cpython-36.pyc",
        "path_type": "hardlink",
        "sha256": "b9ce0efb713a9565bcf7005998cf7bbc36fb028af566cad9ff7bd0e2bce8ddb9",
        "sha256_in_prefix": "b9ce0efb713a9565bcf7005998cf7bbc36fb028af566cad9ff7bd0e2bce8ddb9",
        "size_in_bytes": 805
      },
      {
        "_path": "lib/python3.6/site-packages/setuptools/__pycache__/lib2to3_ex.cpython-36.pyc",
        "path_type": "hardlink",
        "sha256": "dfb7ece4f3f09703ac998b3b5c88ff124c62ec3424ac337bcdf93761f524b871",
        "sha256_in_prefix": "dfb7ece4f3f09703ac998b3b5c88ff124c62ec3424ac337bcdf93761f524b871",
        "size_in_bytes": 2384
      },
      {
        "_path": "lib/python3.6/site-packages/setuptools/__pycache__/monkey.cpython-36.pyc",
        "path_type": "hardlink",
        "sha256": "91201b46dc7561f19933766efc40f0b208a2524450aa4f203f461de7143ac3d2",
        "sha256_in_prefix": "91201b46dc7561f19933766efc40f0b208a2524450aa4f203f461de7143ac3d2",
        "size_in_bytes": 5126
      },
      {
        "_path": "lib/python3.6/site-packages/setuptools/__pycache__/msvc.cpython-36.pyc",
        "path_type": "hardlink",
        "sha256": "fe208590a2e43c10d5654b7140343efa6cd32da6271406470937a214df494164",
        "sha256_in_prefix": "fe208590a2e43c10d5654b7140343efa6cd32da6271406470937a214df494164",
        "size_in_bytes": 34491
      },
      {
        "_path": "lib/python3.6/site-packages/setuptools/__pycache__/namespaces.cpython-36.pyc",
        "path_type": "hardlink",
        "sha256": "4f2d4d66996d39e5f793997743bd74725dd9e83681e472d6c685e66e43f80ae3",
        "sha256_in_prefix": "4f2d4d66996d39e5f793997743bd74725dd9e83681e472d6c685e66e43f80ae3",
        "size_in_bytes": 3629
      },
      {
        "_path": "lib/python3.6/site-packages/setuptools/__pycache__/package_index.cpython-36.pyc",
        "path_type": "hardlink",
        "sha256": "a695e4cf780166acc59e2d9dc1173d7ad4410ff38190196f5152c4236009cd07",
        "sha256_in_prefix": "a695e4cf780166acc59e2d9dc1173d7ad4410ff38190196f5152c4236009cd07",
        "size_in_bytes": 32388
      },
      {
        "_path": "lib/python3.6/site-packages/setuptools/__pycache__/pep425tags.cpython-36.pyc",
        "path_type": "hardlink",
        "sha256": "e1fd79db6da1563bd2628f7da6598ad3dd33495aa79bbdeb3159c1005ca1ce0b",
        "sha256_in_prefix": "e1fd79db6da1563bd2628f7da6598ad3dd33495aa79bbdeb3159c1005ca1ce0b",
        "size_in_bytes": 7289
      },
      {
        "_path": "lib/python3.6/site-packages/setuptools/__pycache__/py27compat.cpython-36.pyc",
        "path_type": "hardlink",
        "sha256": "7352d36c885c111509409b49e6d70c6a2b97a62032329b987843c85c839edf3b",
        "sha256_in_prefix": "7352d36c885c111509409b49e6d70c6a2b97a62032329b987843c85c839edf3b",
        "size_in_bytes": 762
      },
      {
        "_path": "lib/python3.6/site-packages/setuptools/__pycache__/py31compat.cpython-36.pyc",
        "path_type": "hardlink",
        "sha256": "dbde141c65d1eb499752b5159d913d98795855c66daf047e8a49fe456ef6b6f6",
        "sha256_in_prefix": "dbde141c65d1eb499752b5159d913d98795855c66daf047e8a49fe456ef6b6f6",
        "size_in_bytes": 1501
      },
      {
        "_path": "lib/python3.6/site-packages/setuptools/__pycache__/py33compat.cpython-36.pyc",
        "path_type": "hardlink",
        "sha256": "50fca857ada34039458a1b1d06d5db4763697c7181b46fc547e0d3fd914277a2",
        "sha256_in_prefix": "50fca857ada34039458a1b1d06d5db4763697c7181b46fc547e0d3fd914277a2",
        "size_in_bytes": 1354
      },
      {
        "_path": "lib/python3.6/site-packages/setuptools/__pycache__/py36compat.cpython-36.pyc",
        "path_type": "hardlink",
        "sha256": "1918a1a5152011332c54620f740fb7f7cedbba61691457430cdc0dc3c0d6c8ae",
        "sha256_in_prefix": "1918a1a5152011332c54620f740fb7f7cedbba61691457430cdc0dc3c0d6c8ae",
        "size_in_bytes": 2158
      },
      {
        "_path": "lib/python3.6/site-packages/setuptools/__pycache__/sandbox.cpython-36.pyc",
        "path_type": "hardlink",
        "sha256": "ebc98c31585fef9ade5e89404cf344dc453feff568f45ba2e252a09b1922efb2",
        "sha256_in_prefix": "ebc98c31585fef9ade5e89404cf344dc453feff568f45ba2e252a09b1922efb2",
        "size_in_bytes": 15674
      },
      {
        "_path": "lib/python3.6/site-packages/setuptools/__pycache__/site-patch.cpython-36.pyc",
        "path_type": "hardlink",
        "sha256": "f53e152c9098f0e7d2c09a816f340034890926c686af71556c56174bda40b50b",
        "sha256_in_prefix": "f53e152c9098f0e7d2c09a816f340034890926c686af71556c56174bda40b50b",
        "size_in_bytes": 1457
      },
      {
        "_path": "lib/python3.6/site-packages/setuptools/__pycache__/ssl_support.cpython-36.pyc",
        "path_type": "hardlink",
        "sha256": "482d5d1ac28aca61ad11653055e95f4a52ff1a8a90e72b16803a6e105d810fe8",
        "sha256_in_prefix": "482d5d1ac28aca61ad11653055e95f4a52ff1a8a90e72b16803a6e105d810fe8",
        "size_in_bytes": 6737
      },
      {
        "_path": "lib/python3.6/site-packages/setuptools/__pycache__/unicode_utils.cpython-36.pyc",
        "path_type": "hardlink",
        "sha256": "45530e7e4ebfb8f10df8c7372985832f8130b8ba2f000d1740154ed235185012",
        "sha256_in_prefix": "45530e7e4ebfb8f10df8c7372985832f8130b8ba2f000d1740154ed235185012",
        "size_in_bytes": 1120
      },
      {
        "_path": "lib/python3.6/site-packages/setuptools/__pycache__/version.cpython-36.pyc",
        "path_type": "hardlink",
        "sha256": "8370a485820953fe0aab6a6cc35300131dbd0ddacd5ff89fbbb9d799cbe5aa7c",
        "sha256_in_prefix": "8370a485820953fe0aab6a6cc35300131dbd0ddacd5ff89fbbb9d799cbe5aa7c",
        "size_in_bytes": 279
      },
      {
        "_path": "lib/python3.6/site-packages/setuptools/__pycache__/wheel.cpython-36.pyc",
        "path_type": "hardlink",
        "sha256": "bc773ce4dd808dd797819b2abc58340f9012c26b3c894f44e7d6a2cb15c2a2e5",
        "sha256_in_prefix": "bc773ce4dd808dd797819b2abc58340f9012c26b3c894f44e7d6a2cb15c2a2e5",
        "size_in_bytes": 5774
      },
      {
        "_path": "lib/python3.6/site-packages/setuptools/__pycache__/windows_support.cpython-36.pyc",
        "path_type": "hardlink",
        "sha256": "08d88e129e141c8a3e8c2bd45cceed08ca24ad54b6205a92f1170b10ba39da50",
        "sha256_in_prefix": "08d88e129e141c8a3e8c2bd45cceed08ca24ad54b6205a92f1170b10ba39da50",
        "size_in_bytes": 962
      },
      {
        "_path": "lib/python3.6/site-packages/setuptools/_vendor/__init__.py",
        "path_type": "hardlink",
        "sha256": "e3b0c44298fc1c149afbf4c8996fb92427ae41e4649b934ca495991b7852b855",
        "sha256_in_prefix": "e3b0c44298fc1c149afbf4c8996fb92427ae41e4649b934ca495991b7852b855",
        "size_in_bytes": 0
      },
      {
        "_path": "lib/python3.6/site-packages/setuptools/_vendor/__pycache__/__init__.cpython-36.pyc",
        "path_type": "hardlink",
        "sha256": "bae7e4f0b110168ce1ba2826e1812d365fe1af1c8e853aef9093486fb78ab442",
        "sha256_in_prefix": "bae7e4f0b110168ce1ba2826e1812d365fe1af1c8e853aef9093486fb78ab442",
        "size_in_bytes": 141
      },
      {
        "_path": "lib/python3.6/site-packages/setuptools/_vendor/__pycache__/pyparsing.cpython-36.pyc",
        "path_type": "hardlink",
        "sha256": "3dd20ffd11af6b0792913c3e8047363e273ef1846d078ea57ad5608986b3ec0c",
        "sha256_in_prefix": "3dd20ffd11af6b0792913c3e8047363e273ef1846d078ea57ad5608986b3ec0c",
        "size_in_bytes": 201063
      },
      {
        "_path": "lib/python3.6/site-packages/setuptools/_vendor/__pycache__/six.cpython-36.pyc",
        "path_type": "hardlink",
        "sha256": "ed0733996ff67be3e1a08f234b20b1e25bc921f54563b429353550de73bf1324",
        "sha256_in_prefix": "ed0733996ff67be3e1a08f234b20b1e25bc921f54563b429353550de73bf1324",
        "size_in_bytes": 24438
      },
      {
        "_path": "lib/python3.6/site-packages/setuptools/_vendor/packaging/__about__.py",
        "path_type": "hardlink",
        "sha256": "ce47023d337fe9370b5b436b960d35efaf91d5043f5953d39bcb33d51e3e1e33",
        "sha256_in_prefix": "ce47023d337fe9370b5b436b960d35efaf91d5043f5953d39bcb33d51e3e1e33",
        "size_in_bytes": 720
      },
      {
        "_path": "lib/python3.6/site-packages/setuptools/_vendor/packaging/__init__.py",
        "path_type": "hardlink",
        "sha256": "fef35a7394ebcf0b2bcdb38521b17ee5c1ea73f63668f4f60fbceb211d3a04ea",
        "sha256_in_prefix": "fef35a7394ebcf0b2bcdb38521b17ee5c1ea73f63668f4f60fbceb211d3a04ea",
        "size_in_bytes": 513
      },
      {
        "_path": "lib/python3.6/site-packages/setuptools/_vendor/packaging/__pycache__/__about__.cpython-36.pyc",
        "path_type": "hardlink",
        "sha256": "d5765dfd7a2b4ac455e9a517348cbbe6174b44317b3efd90dd678c6ab6fa0a64",
        "sha256_in_prefix": "d5765dfd7a2b4ac455e9a517348cbbe6174b44317b3efd90dd678c6ab6fa0a64",
        "size_in_bytes": 677
      },
      {
        "_path": "lib/python3.6/site-packages/setuptools/_vendor/packaging/__pycache__/__init__.cpython-36.pyc",
        "path_type": "hardlink",
        "sha256": "96c6a0ed1f4716b5d0e3dce3e61f2a7643e4bd432f054e542dcf9a67a3051f15",
        "sha256_in_prefix": "96c6a0ed1f4716b5d0e3dce3e61f2a7643e4bd432f054e542dcf9a67a3051f15",
        "size_in_bytes": 515
      },
      {
        "_path": "lib/python3.6/site-packages/setuptools/_vendor/packaging/__pycache__/_compat.cpython-36.pyc",
        "path_type": "hardlink",
        "sha256": "34eb320dadab724dfcd7bbd978be930e9d12e71db8147802b5885d93b585926b",
        "sha256_in_prefix": "34eb320dadab724dfcd7bbd978be930e9d12e71db8147802b5885d93b585926b",
        "size_in_bytes": 962
      },
      {
        "_path": "lib/python3.6/site-packages/setuptools/_vendor/packaging/__pycache__/_structures.cpython-36.pyc",
        "path_type": "hardlink",
        "sha256": "48b5a7a2e6f2b7933294b840c6662c78637c5a213a1d2e1442911509a214db21",
        "sha256_in_prefix": "48b5a7a2e6f2b7933294b840c6662c78637c5a213a1d2e1442911509a214db21",
        "size_in_bytes": 2819
      },
      {
        "_path": "lib/python3.6/site-packages/setuptools/_vendor/packaging/__pycache__/markers.cpython-36.pyc",
        "path_type": "hardlink",
        "sha256": "d3349b42f6cf5e640561e7dfb2909973285e5119de90af0b7f0085c17624b7ee",
        "sha256_in_prefix": "d3349b42f6cf5e640561e7dfb2909973285e5119de90af0b7f0085c17624b7ee",
        "size_in_bytes": 8839
      },
      {
        "_path": "lib/python3.6/site-packages/setuptools/_vendor/packaging/__pycache__/requirements.cpython-36.pyc",
        "path_type": "hardlink",
        "sha256": "78d05d4d7367af46f52c3c1bacf7cef701d8a7e6912ea5ebfd300fbf51820e3a",
        "sha256_in_prefix": "78d05d4d7367af46f52c3c1bacf7cef701d8a7e6912ea5ebfd300fbf51820e3a",
        "size_in_bytes": 3832
      },
      {
        "_path": "lib/python3.6/site-packages/setuptools/_vendor/packaging/__pycache__/specifiers.cpython-36.pyc",
        "path_type": "hardlink",
        "sha256": "f06ebc3212b24a9c573a0a248090b3fb00ee57dc56915e20f0592c53af713d18",
        "sha256_in_prefix": "f06ebc3212b24a9c573a0a248090b3fb00ee57dc56915e20f0592c53af713d18",
        "size_in_bytes": 19781
      },
      {
        "_path": "lib/python3.6/site-packages/setuptools/_vendor/packaging/__pycache__/utils.cpython-36.pyc",
        "path_type": "hardlink",
        "sha256": "e7230d3881de144744eaa2fb267eca63e0c5d8fbdab26f949ccbf40102ec7407",
        "sha256_in_prefix": "e7230d3881de144744eaa2fb267eca63e0c5d8fbdab26f949ccbf40102ec7407",
        "size_in_bytes": 446
      },
      {
        "_path": "lib/python3.6/site-packages/setuptools/_vendor/packaging/__pycache__/version.cpython-36.pyc",
        "path_type": "hardlink",
        "sha256": "869ecb48a11a29c79a735cafb990714b16b9a328f2ca2753282e6fea610f48fe",
        "sha256_in_prefix": "869ecb48a11a29c79a735cafb990714b16b9a328f2ca2753282e6fea610f48fe",
        "size_in_bytes": 10556
      },
      {
        "_path": "lib/python3.6/site-packages/setuptools/_vendor/packaging/_compat.py",
        "path_type": "hardlink",
        "sha256": "562fc0d2b0107876d4f9af57d2db75c909bd46a92041b0d2c73470f16954f640",
        "sha256_in_prefix": "562fc0d2b0107876d4f9af57d2db75c909bd46a92041b0d2c73470f16954f640",
        "size_in_bytes": 860
      },
      {
        "_path": "lib/python3.6/site-packages/setuptools/_vendor/packaging/_structures.py",
        "path_type": "hardlink",
        "sha256": "448984089e1cff04e5693618c1960b1c489e6c331a00998ad683c0461c354f9a",
        "sha256_in_prefix": "448984089e1cff04e5693618c1960b1c489e6c331a00998ad683c0461c354f9a",
        "size_in_bytes": 1416
      },
      {
        "_path": "lib/python3.6/site-packages/setuptools/_vendor/packaging/markers.py",
        "path_type": "hardlink",
        "sha256": "1afa64f44636d3229a31388a81067cc85104a6876a560558b5f7a4a2273562db",
        "sha256_in_prefix": "1afa64f44636d3229a31388a81067cc85104a6876a560558b5f7a4a2273562db",
        "size_in_bytes": 8239
      },
      {
        "_path": "lib/python3.6/site-packages/setuptools/_vendor/packaging/requirements.py",
        "path_type": "hardlink",
        "sha256": "b78e0cd87556b6bf29848cf63a19c82f3b864f7ad30136a8bdcb55d5da675488",
        "sha256_in_prefix": "b78e0cd87556b6bf29848cf63a19c82f3b864f7ad30136a8bdcb55d5da675488",
        "size_in_bytes": 4343
      },
      {
        "_path": "lib/python3.6/site-packages/setuptools/_vendor/packaging/specifiers.py",
        "path_type": "hardlink",
        "sha256": "4803117abcceddf2b622415909a664bb065a2ff106a8734ecf8a678b8be19cdd",
        "sha256_in_prefix": "4803117abcceddf2b622415909a664bb065a2ff106a8734ecf8a678b8be19cdd",
        "size_in_bytes": 28025
      },
      {
        "_path": "lib/python3.6/site-packages/setuptools/_vendor/packaging/utils.py",
        "path_type": "hardlink",
        "sha256": "de6e96bcf9ba34dc44f2b9131a69f4afbe41fc66521a0ee291a7f11ec04dd560",
        "sha256_in_prefix": "de6e96bcf9ba34dc44f2b9131a69f4afbe41fc66521a0ee291a7f11ec04dd560",
        "size_in_bytes": 421
      },
      {
        "_path": "lib/python3.6/site-packages/setuptools/_vendor/packaging/version.py",
        "path_type": "hardlink",
        "sha256": "3b01a7c587ebda084dcd8c79f6a588064acadd29c1ea7f997ddd5768ba679ccd",
        "sha256_in_prefix": "3b01a7c587ebda084dcd8c79f6a588064acadd29c1ea7f997ddd5768ba679ccd",
        "size_in_bytes": 11556
      },
      {
        "_path": "lib/python3.6/site-packages/setuptools/_vendor/pyparsing.py",
        "path_type": "hardlink",
        "sha256": "3e27de2d8dfe5a121c055ccbb6fd14e13fe9c03b4faee061042920e6f2ea6b6f",
        "sha256_in_prefix": "3e27de2d8dfe5a121c055ccbb6fd14e13fe9c03b4faee061042920e6f2ea6b6f",
        "size_in_bytes": 229867
      },
      {
        "_path": "lib/python3.6/site-packages/setuptools/_vendor/six.py",
        "path_type": "hardlink",
        "sha256": "03a85d259563237b7f81e79b67d07352fc11ac85e8d257f0cd094cd8b70ac9ab",
        "sha256_in_prefix": "03a85d259563237b7f81e79b67d07352fc11ac85e8d257f0cd094cd8b70ac9ab",
        "size_in_bytes": 30098
      },
      {
        "_path": "lib/python3.6/site-packages/setuptools/archive_util.py",
        "path_type": "hardlink",
        "sha256": "930f086ff94a8c27273ca35b4bb87c1f3b5154ad1de5169c537aff2917559e63",
        "sha256_in_prefix": "930f086ff94a8c27273ca35b4bb87c1f3b5154ad1de5169c537aff2917559e63",
        "size_in_bytes": 6592
      },
      {
        "_path": "lib/python3.6/site-packages/setuptools/build_meta.py",
        "path_type": "hardlink",
        "sha256": "16595a293af5bd22728947918d5244666784691ce162e78d9629ad7306896daf",
        "sha256_in_prefix": "16595a293af5bd22728947918d5244666784691ce162e78d9629ad7306896daf",
        "size_in_bytes": 5671
      },
      {
        "_path": "lib/python3.6/site-packages/setuptools/cli-32.exe",
        "path_type": "hardlink",
        "sha256": "75f12ea2f30d9c0d872dade345f30f562e6d93847b6a509ba53beec6d0b2c346",
        "sha256_in_prefix": "75f12ea2f30d9c0d872dade345f30f562e6d93847b6a509ba53beec6d0b2c346",
        "size_in_bytes": 65536
      },
      {
        "_path": "lib/python3.6/site-packages/setuptools/cli-64.exe",
        "path_type": "hardlink",
        "sha256": "28b001bb9a72ae7a24242bfab248d767a1ac5dec981c672a3944f7a072375e9a",
        "sha256_in_prefix": "28b001bb9a72ae7a24242bfab248d767a1ac5dec981c672a3944f7a072375e9a",
        "size_in_bytes": 74752
      },
      {
        "_path": "lib/python3.6/site-packages/setuptools/cli.exe",
        "path_type": "hardlink",
        "sha256": "75f12ea2f30d9c0d872dade345f30f562e6d93847b6a509ba53beec6d0b2c346",
        "sha256_in_prefix": "75f12ea2f30d9c0d872dade345f30f562e6d93847b6a509ba53beec6d0b2c346",
        "size_in_bytes": 65536
      },
      {
        "_path": "lib/python3.6/site-packages/setuptools/command/__init__.py",
        "path_type": "hardlink",
        "sha256": "356cc9d00d4111e9e066955ea94c962cd9b66e4e0fdc5e222f941412b1f2ee40",
        "sha256_in_prefix": "356cc9d00d4111e9e066955ea94c962cd9b66e4e0fdc5e222f941412b1f2ee40",
        "size_in_bytes": 594
      },
      {
        "_path": "lib/python3.6/site-packages/setuptools/command/__pycache__/__init__.cpython-36.pyc",
        "path_type": "hardlink",
        "sha256": "5ef95e533ab2c197bdad1fdbc1cb4b34d0c926316a1bdc763afd41c393501803",
        "sha256_in_prefix": "5ef95e533ab2c197bdad1fdbc1cb4b34d0c926316a1bdc763afd41c393501803",
        "size_in_bytes": 692
      },
      {
        "_path": "lib/python3.6/site-packages/setuptools/command/__pycache__/alias.cpython-36.pyc",
        "path_type": "hardlink",
        "sha256": "f36e6f2aa834e810a034d6734d362a83dc4b1d870566dde400e0e87f9fedc7ca",
        "sha256_in_prefix": "f36e6f2aa834e810a034d6734d362a83dc4b1d870566dde400e0e87f9fedc7ca",
        "size_in_bytes": 2385
      },
      {
        "_path": "lib/python3.6/site-packages/setuptools/command/__pycache__/bdist_egg.cpython-36.pyc",
        "path_type": "hardlink",
        "sha256": "04ce3d77810368fa48f73e263ae6bd05643660eb76f5e15db0db650cf2d94bd4",
        "sha256_in_prefix": "04ce3d77810368fa48f73e263ae6bd05643660eb76f5e15db0db650cf2d94bd4",
        "size_in_bytes": 14277
      },
      {
        "_path": "lib/python3.6/site-packages/setuptools/command/__pycache__/bdist_rpm.cpython-36.pyc",
        "path_type": "hardlink",
        "sha256": "fd479f4615daeb683e006be8c67f9efeae1da6761ce2da0fc62c10939eb513f7",
        "sha256_in_prefix": "fd479f4615daeb683e006be8c67f9efeae1da6761ce2da0fc62c10939eb513f7",
        "size_in_bytes": 1728
      },
      {
        "_path": "lib/python3.6/site-packages/setuptools/command/__pycache__/bdist_wininst.cpython-36.pyc",
        "path_type": "hardlink",
        "sha256": "09965a9030aa8a6e94c13c9779caa8df23dc48a9dc1e5bddfe2aa444cb7b4eb1",
        "sha256_in_prefix": "09965a9030aa8a6e94c13c9779caa8df23dc48a9dc1e5bddfe2aa444cb7b4eb1",
        "size_in_bytes": 929
      },
      {
        "_path": "lib/python3.6/site-packages/setuptools/command/__pycache__/build_clib.cpython-36.pyc",
        "path_type": "hardlink",
        "sha256": "f28fe9bb8e29fe7b6d0ebe93c76c7a7807e14ba99df234479ad79483fc41da46",
        "sha256_in_prefix": "f28fe9bb8e29fe7b6d0ebe93c76c7a7807e14ba99df234479ad79483fc41da46",
        "size_in_bytes": 2400
      },
      {
        "_path": "lib/python3.6/site-packages/setuptools/command/__pycache__/build_ext.cpython-36.pyc",
        "path_type": "hardlink",
        "sha256": "c2511ddb6c6f0a66d2731ff501b051c4128c99024bef9abd3863e9db49a8d270",
        "sha256_in_prefix": "c2511ddb6c6f0a66d2731ff501b051c4128c99024bef9abd3863e9db49a8d270",
        "size_in_bytes": 9999
      },
      {
        "_path": "lib/python3.6/site-packages/setuptools/command/__pycache__/build_py.cpython-36.pyc",
        "path_type": "hardlink",
        "sha256": "f7a379044d52eac6d6903a622d1cc183cbd0db5b852ef04575a5a8a481a72d5a",
        "sha256_in_prefix": "f7a379044d52eac6d6903a622d1cc183cbd0db5b852ef04575a5a8a481a72d5a",
        "size_in_bytes": 8524
      },
      {
        "_path": "lib/python3.6/site-packages/setuptools/command/__pycache__/develop.cpython-36.pyc",
        "path_type": "hardlink",
        "sha256": "a8cb46c86bda50a66c2a912625fb51ac4c0dde65174aa583dc1c8f78adc2b241",
        "sha256_in_prefix": "a8cb46c86bda50a66c2a912625fb51ac4c0dde65174aa583dc1c8f78adc2b241",
        "size_in_bytes": 6378
      },
      {
        "_path": "lib/python3.6/site-packages/setuptools/command/__pycache__/dist_info.cpython-36.pyc",
        "path_type": "hardlink",
        "sha256": "a0c091324c0e881c5dcd63bc2983d538848234da67248198daf2a2d8f7817e7e",
        "sha256_in_prefix": "a0c091324c0e881c5dcd63bc2983d538848234da67248198daf2a2d8f7817e7e",
        "size_in_bytes": 1345
      },
      {
        "_path": "lib/python3.6/site-packages/setuptools/command/__pycache__/easy_install.cpython-36.pyc",
        "path_type": "hardlink",
        "sha256": "b10a7d6eec652a7ef24c73324480a211e171099e7de3e9a7a82e56ed122e8a60",
        "sha256_in_prefix": "b10a7d6eec652a7ef24c73324480a211e171099e7de3e9a7a82e56ed122e8a60",
        "size_in_bytes": 64900
      },
      {
        "_path": "lib/python3.6/site-packages/setuptools/command/__pycache__/egg_info.cpython-36.pyc",
        "path_type": "hardlink",
        "sha256": "1752712be104e78864ec68b8413c87abda63da6a8fb24f0823965e312d1b29a8",
        "sha256_in_prefix": "1752712be104e78864ec68b8413c87abda63da6a8fb24f0823965e312d1b29a8",
        "size_in_bytes": 20919
      },
      {
        "_path": "lib/python3.6/site-packages/setuptools/command/__pycache__/install.cpython-36.pyc",
        "path_type": "hardlink",
        "sha256": "a0a8fc666cad1c8d4c46393b6c833328de832872b2c83de0d6a7bba1df43428c",
        "sha256_in_prefix": "a0a8fc666cad1c8d4c46393b6c833328de832872b2c83de0d6a7bba1df43428c",
        "size_in_bytes": 3925
      },
      {
        "_path": "lib/python3.6/site-packages/setuptools/command/__pycache__/install_egg_info.cpython-36.pyc",
        "path_type": "hardlink",
        "sha256": "522719c0a8ae4cbf1a193367dbe1e5301e303b9e21abc1d1a47a6bd1a64df3f4",
        "sha256_in_prefix": "522719c0a8ae4cbf1a193367dbe1e5301e303b9e21abc1d1a47a6bd1a64df3f4",
        "size_in_bytes": 2390
      },
      {
        "_path": "lib/python3.6/site-packages/setuptools/command/__pycache__/install_lib.cpython-36.pyc",
        "path_type": "hardlink",
        "sha256": "b73ab76cd5869217ae9699deeb586619a7da239215fa9702e73591cb57a98329",
        "sha256_in_prefix": "b73ab76cd5869217ae9699deeb586619a7da239215fa9702e73591cb57a98329",
        "size_in_bytes": 4035
      },
      {
        "_path": "lib/python3.6/site-packages/setuptools/command/__pycache__/install_scripts.cpython-36.pyc",
        "path_type": "hardlink",
        "sha256": "5e0c2e7d5ce6863939ece96fe283b0468ee53c0c6dd99f71f3a2235e9e90e883",
        "sha256_in_prefix": "5e0c2e7d5ce6863939ece96fe283b0468ee53c0c6dd99f71f3a2235e9e90e883",
        "size_in_bytes": 2230
      },
      {
        "_path": "lib/python3.6/site-packages/setuptools/command/__pycache__/py36compat.cpython-36.pyc",
        "path_type": "hardlink",
        "sha256": "eaf4cb192bed25160fe7f5b54d01f035ec2586834824b04d6eb1215ea31ae4e5",
        "sha256_in_prefix": "eaf4cb192bed25160fe7f5b54d01f035ec2586834824b04d6eb1215ea31ae4e5",
        "size_in_bytes": 4575
      },
      {
        "_path": "lib/python3.6/site-packages/setuptools/command/__pycache__/register.cpython-36.pyc",
        "path_type": "hardlink",
        "sha256": "2718236e4297fe4b488ddda9436abfcee9e6db3e9463edd95fcb9642bc5ff0de",
        "sha256_in_prefix": "2718236e4297fe4b488ddda9436abfcee9e6db3e9463edd95fcb9642bc5ff0de",
        "size_in_bytes": 545
      },
      {
        "_path": "lib/python3.6/site-packages/setuptools/command/__pycache__/rotate.cpython-36.pyc",
        "path_type": "hardlink",
        "sha256": "8af530dd87703858fa4154823009202511ad5e69f7d69489c1c67c15c67b9981",
        "sha256_in_prefix": "8af530dd87703858fa4154823009202511ad5e69f7d69489c1c67c15c67b9981",
        "size_in_bytes": 2531
      },
      {
        "_path": "lib/python3.6/site-packages/setuptools/command/__pycache__/saveopts.cpython-36.pyc",
        "path_type": "hardlink",
        "sha256": "7d5ebcce1738907dc1e14242656a65a5b955a5d5dc969f21a170dc2787743a1b",
        "sha256_in_prefix": "7d5ebcce1738907dc1e14242656a65a5b955a5d5dc969f21a170dc2787743a1b",
        "size_in_bytes": 876
      },
      {
        "_path": "lib/python3.6/site-packages/setuptools/command/__pycache__/sdist.cpython-36.pyc",
        "path_type": "hardlink",
        "sha256": "80f9b78cd04c060c7be7e9da61dda2cd1e1b73745214293ff8d2a38f28161754",
        "sha256_in_prefix": "80f9b78cd04c060c7be7e9da61dda2cd1e1b73745214293ff8d2a38f28161754",
        "size_in_bytes": 6267
      },
      {
        "_path": "lib/python3.6/site-packages/setuptools/command/__pycache__/setopt.cpython-36.pyc",
        "path_type": "hardlink",
        "sha256": "8a6709e8ecc35b584b9af9698633291226597fedbd3594b5917b0f540c0a8f00",
        "sha256_in_prefix": "8a6709e8ecc35b584b9af9698633291226597fedbd3594b5917b0f540c0a8f00",
        "size_in_bytes": 4554
      },
      {
        "_path": "lib/python3.6/site-packages/setuptools/command/__pycache__/test.cpython-36.pyc",
        "path_type": "hardlink",
        "sha256": "6827bc9f7ba0a0e57c300ee4d720db2fb77f5b045209adabbabf7c86937a7dd8",
        "sha256_in_prefix": "6827bc9f7ba0a0e57c300ee4d720db2fb77f5b045209adabbabf7c86937a7dd8",
        "size_in_bytes": 8113
      },
      {
        "_path": "lib/python3.6/site-packages/setuptools/command/__pycache__/upload.cpython-36.pyc",
        "path_type": "hardlink",
        "sha256": "1233b4f695fbec4a8ae17952e146b8477f4fddfab69ead3768a8c1adccc1cd97",
        "sha256_in_prefix": "1233b4f695fbec4a8ae17952e146b8477f4fddfab69ead3768a8c1adccc1cd97",
        "size_in_bytes": 1343
      },
      {
        "_path": "lib/python3.6/site-packages/setuptools/command/__pycache__/upload_docs.cpython-36.pyc",
        "path_type": "hardlink",
        "sha256": "ce2b8dc4b6f738d8e8c6ec8982f443cdc35f077fe5995b1eacde0cb74c359b6f",
        "sha256_in_prefix": "ce2b8dc4b6f738d8e8c6ec8982f443cdc35f077fe5995b1eacde0cb74c359b6f",
        "size_in_bytes": 6052
      },
      {
        "_path": "lib/python3.6/site-packages/setuptools/command/alias.py",
        "path_type": "hardlink",
        "sha256": "2a3a44d2ccff483207bf77e965c2102beb02909cfe4ab0ba1a6ba0e9bf4d91cf",
        "sha256_in_prefix": "2a3a44d2ccff483207bf77e965c2102beb02909cfe4ab0ba1a6ba0e9bf4d91cf",
        "size_in_bytes": 2426
      },
      {
        "_path": "lib/python3.6/site-packages/setuptools/command/bdist_egg.py",
        "path_type": "hardlink",
        "sha256": "450f61f019925695ca250493de2fdbfec9b4f7767e6825db7cc04433622b23e4",
        "sha256_in_prefix": "450f61f019925695ca250493de2fdbfec9b4f7767e6825db7cc04433622b23e4",
        "size_in_bytes": 18185
      },
      {
        "_path": "lib/python3.6/site-packages/setuptools/command/bdist_rpm.py",
        "path_type": "hardlink",
        "sha256": "07b9744e7cc219bfb49cb966eab4b4d2358b9288c04b05667615b6c39433fc09",
        "sha256_in_prefix": "07b9744e7cc219bfb49cb966eab4b4d2358b9288c04b05667615b6c39433fc09",
        "size_in_bytes": 1508
      },
      {
        "_path": "lib/python3.6/site-packages/setuptools/command/bdist_wininst.py",
        "path_type": "hardlink",
        "sha256": "ffa773de5a41d6d636d342f128f2cceea8304c271e38c81a58517e8d6dbea66d",
        "sha256_in_prefix": "ffa773de5a41d6d636d342f128f2cceea8304c271e38c81a58517e8d6dbea66d",
        "size_in_bytes": 637
      },
      {
        "_path": "lib/python3.6/site-packages/setuptools/command/build_clib.py",
        "path_type": "hardlink",
        "sha256": "6d0f5a06bfb96523bef5f1ac1ac0cbcf49a79c5b5e1d46677ed54b921bc70ead",
        "sha256_in_prefix": "6d0f5a06bfb96523bef5f1ac1ac0cbcf49a79c5b5e1d46677ed54b921bc70ead",
        "size_in_bytes": 4484
      },
      {
        "_path": "lib/python3.6/site-packages/setuptools/command/build_ext.py",
        "path_type": "hardlink",
        "sha256": "3c2440676c589eac84a1fec414db69298974b19cd3d2a74a50d4c7dec51d3ea9",
        "sha256_in_prefix": "3c2440676c589eac84a1fec414db69298974b19cd3d2a74a50d4c7dec51d3ea9",
        "size_in_bytes": 13173
      },
      {
        "_path": "lib/python3.6/site-packages/setuptools/command/build_py.py",
        "path_type": "hardlink",
        "sha256": "c96c9869a4bd177a3d25b21cce7d3ae00e60d42e7f5222910f119a4ea61bb4b1",
        "sha256_in_prefix": "c96c9869a4bd177a3d25b21cce7d3ae00e60d42e7f5222910f119a4ea61bb4b1",
        "size_in_bytes": 9596
      },
      {
        "_path": "lib/python3.6/site-packages/setuptools/command/develop.py",
        "path_type": "hardlink",
        "sha256": "c0a6cec36fea52f703b62da5666b716c39986f9e3200089b131cd722f4e8cfe0",
        "sha256_in_prefix": "c0a6cec36fea52f703b62da5666b716c39986f9e3200089b131cd722f4e8cfe0",
        "size_in_bytes": 8046
      },
      {
        "_path": "lib/python3.6/site-packages/setuptools/command/dist_info.py",
        "path_type": "hardlink",
        "sha256": "e6dea439fadd8002d3f8fde882cb3a3c5f64f8b7b27acb9ec9cba4ddd5326672",
        "sha256_in_prefix": "e6dea439fadd8002d3f8fde882cb3a3c5f64f8b7b27acb9ec9cba4ddd5326672",
        "size_in_bytes": 960
      },
      {
        "_path": "lib/python3.6/site-packages/setuptools/command/easy_install.py",
        "path_type": "hardlink",
        "sha256": "23450ea85ad2f54edf9a1d2e5b9ec8477ee478c2927aa5e9eb3eb53b3d671280",
        "sha256_in_prefix": "23450ea85ad2f54edf9a1d2e5b9ec8477ee478c2927aa5e9eb3eb53b3d671280",
        "size_in_bytes": 87054
      },
      {
        "_path": "lib/python3.6/site-packages/setuptools/command/egg_info.py",
        "path_type": "hardlink",
        "sha256": "ddbe58dedfdb97fcd94429269468b78a0bd1cdef6839ac5df9d55fdb0d4504e7",
        "sha256_in_prefix": "ddbe58dedfdb97fcd94429269468b78a0bd1cdef6839ac5df9d55fdb0d4504e7",
        "size_in_bytes": 24800
      },
      {
        "_path": "lib/python3.6/site-packages/setuptools/command/install.py",
        "path_type": "hardlink",
        "sha256": "6b4119a4bfc0f3ae8a11d86271319bbb20ff4d8975b3291fcddaeb8becdacd3e",
        "sha256_in_prefix": "6b4119a4bfc0f3ae8a11d86271319bbb20ff4d8975b3291fcddaeb8becdacd3e",
        "size_in_bytes": 4683
      },
      {
        "_path": "lib/python3.6/site-packages/setuptools/command/install_egg_info.py",
        "path_type": "hardlink",
        "sha256": "6cc81e21e4625f34380c018f575df6f24723c108c78ce594e059e00162d5efc4",
        "sha256_in_prefix": "6cc81e21e4625f34380c018f575df6f24723c108c78ce594e059e00162d5efc4",
        "size_in_bytes": 2203
      },
      {
        "_path": "lib/python3.6/site-packages/setuptools/command/install_lib.py",
        "path_type": "hardlink",
        "sha256": "d759b17f40a1d7636cb98c12f0f1f05c146fca1ebbd5000ce1c4d187b7a9cc6d",
        "sha256_in_prefix": "d759b17f40a1d7636cb98c12f0f1f05c146fca1ebbd5000ce1c4d187b7a9cc6d",
        "size_in_bytes": 3840
      },
      {
        "_path": "lib/python3.6/site-packages/setuptools/command/install_scripts.py",
        "path_type": "hardlink",
        "sha256": "503d2b119ebceb599362121dcdcb2a2a7525f0fa33a1c5d697d5414355535a77",
        "sha256_in_prefix": "503d2b119ebceb599362121dcdcb2a2a7525f0fa33a1c5d697d5414355535a77",
        "size_in_bytes": 2439
      },
      {
        "_path": "lib/python3.6/site-packages/setuptools/command/launcher manifest.xml",
        "path_type": "hardlink",
        "sha256": "c652db8d6ac1d35b4a0b4fa195590e2a48923dbccc9a5d9e38fb49fee7029db1",
        "sha256_in_prefix": "c652db8d6ac1d35b4a0b4fa195590e2a48923dbccc9a5d9e38fb49fee7029db1",
        "size_in_bytes": 628
      },
      {
        "_path": "lib/python3.6/site-packages/setuptools/command/py36compat.py",
        "path_type": "hardlink",
        "sha256": "4b38d970ec45ef3745513e3b66fda7ec03371fc9280f2b3fd0ea52fa7f6021f7",
        "sha256_in_prefix": "4b38d970ec45ef3745513e3b66fda7ec03371fc9280f2b3fd0ea52fa7f6021f7",
        "size_in_bytes": 4986
      },
      {
        "_path": "lib/python3.6/site-packages/setuptools/command/register.py",
        "path_type": "hardlink",
        "sha256": "6c794c9b5aa605b49d6a14ce4fcc3a52103e120790233ee9e9c0fea8e6ae6a22",
        "sha256_in_prefix": "6c794c9b5aa605b49d6a14ce4fcc3a52103e120790233ee9e9c0fea8e6ae6a22",
        "size_in_bytes": 270
      },
      {
        "_path": "lib/python3.6/site-packages/setuptools/command/rotate.py",
        "path_type": "hardlink",
        "sha256": "728e42d44908ecfd06193e93ab3f93d92223d8b0494d95d810ba666a8e9de0a4",
        "sha256_in_prefix": "728e42d44908ecfd06193e93ab3f93d92223d8b0494d95d810ba666a8e9de0a4",
        "size_in_bytes": 2164
      },
      {
        "_path": "lib/python3.6/site-packages/setuptools/command/saveopts.py",
        "path_type": "hardlink",
        "sha256": "cdaed00817108a628aae259ca0271b8713e3533df481207be33b932f8ef1a4fe",
        "sha256_in_prefix": "cdaed00817108a628aae259ca0271b8713e3533df481207be33b932f8ef1a4fe",
        "size_in_bytes": 658
      },
      {
        "_path": "lib/python3.6/site-packages/setuptools/command/sdist.py",
        "path_type": "hardlink",
        "sha256": "a1b0d37b60665add8f96714f65987b7b42d6bde984b1b0823bd33386b4d98e6f",
        "sha256_in_prefix": "a1b0d37b60665add8f96714f65987b7b42d6bde984b1b0823bd33386b4d98e6f",
        "size_in_bytes": 6711
      },
      {
        "_path": "lib/python3.6/site-packages/setuptools/command/setopt.py",
        "path_type": "hardlink",
        "sha256": "353583cb1fa08c317eb717f874ee7beececb3b31d5a0a47432adf7ac5c5a46bf",
        "sha256_in_prefix": "353583cb1fa08c317eb717f874ee7beececb3b31d5a0a47432adf7ac5c5a46bf",
        "size_in_bytes": 5085
      },
      {
        "_path": "lib/python3.6/site-packages/setuptools/command/test.py",
        "path_type": "hardlink",
        "sha256": "31e04071751e3c68cf2aa8f3e33bd3ac76ad2ef36c8e53c571a82ddd79c561d9",
        "sha256_in_prefix": "31e04071751e3c68cf2aa8f3e33bd3ac76ad2ef36c8e53c571a82ddd79c561d9",
        "size_in_bytes": 9214
      },
      {
        "_path": "lib/python3.6/site-packages/setuptools/command/upload.py",
        "path_type": "hardlink",
        "sha256": "8b581f22d6779d03a7e452976fcb4b0b629dede282f2558ee1b744e8da86a44e",
        "sha256_in_prefix": "8b581f22d6779d03a7e452976fcb4b0b629dede282f2558ee1b744e8da86a44e",
        "size_in_bytes": 1172
      },
      {
        "_path": "lib/python3.6/site-packages/setuptools/command/upload_docs.py",
        "path_type": "hardlink",
        "sha256": "a17886a6533f71428bc04e02596c3df11cc2b9f02ef2d061302f7b19e805726b",
        "sha256_in_prefix": "a17886a6533f71428bc04e02596c3df11cc2b9f02ef2d061302f7b19e805726b",
        "size_in_bytes": 7311
      },
      {
        "_path": "lib/python3.6/site-packages/setuptools/config.py",
        "path_type": "hardlink",
        "sha256": "b55601337c3553fb814514ce67275f971c99fc8ad3253e68765673ddc6ee852c",
        "sha256_in_prefix": "b55601337c3553fb814514ce67275f971c99fc8ad3253e68765673ddc6ee852c",
        "size_in_bytes": 16381
      },
      {
        "_path": "lib/python3.6/site-packages/setuptools/dep_util.py",
        "path_type": "hardlink",
        "sha256": "7e08b1bc2d51eec1f7af5de4b727fb3741402e8a845cbd5c05aae6369484a168",
        "sha256_in_prefix": "7e08b1bc2d51eec1f7af5de4b727fb3741402e8a845cbd5c05aae6369484a168",
        "size_in_bytes": 935
      },
      {
        "_path": "lib/python3.6/site-packages/setuptools/depends.py",
        "path_type": "hardlink",
        "sha256": "842f1020370cdd50e9457bd1540e8e7cbf406907f1be1c4770dff0eac03236af",
        "sha256_in_prefix": "842f1020370cdd50e9457bd1540e8e7cbf406907f1be1c4770dff0eac03236af",
        "size_in_bytes": 5837
      },
      {
        "_path": "lib/python3.6/site-packages/setuptools/dist.py",
        "path_type": "hardlink",
        "sha256": "ff00921621aac3268e5138f4b418ea645d9ba96f5a115bb85b50f8826b2f7a7a",
        "sha256_in_prefix": "ff00921621aac3268e5138f4b418ea645d9ba96f5a115bb85b50f8826b2f7a7a",
        "size_in_bytes": 42514
      },
      {
        "_path": "lib/python3.6/site-packages/setuptools/extension.py",
        "path_type": "hardlink",
        "sha256": "b9cea71c8f8cc7098d08d3db522067c9b4b2aa1a49aa36e1bce43e7a676fb7f1",
        "sha256_in_prefix": "b9cea71c8f8cc7098d08d3db522067c9b4b2aa1a49aa36e1bce43e7a676fb7f1",
        "size_in_bytes": 1729
      },
      {
        "_path": "lib/python3.6/site-packages/setuptools/extern/__init__.py",
        "path_type": "hardlink",
        "sha256": "d9e28cb01330b19aa894871806d2d9537b7deaceb14933f83d368d7cce4ff88d",
        "sha256_in_prefix": "d9e28cb01330b19aa894871806d2d9537b7deaceb14933f83d368d7cce4ff88d",
        "size_in_bytes": 2499
      },
      {
        "_path": "lib/python3.6/site-packages/setuptools/extern/__pycache__/__init__.cpython-36.pyc",
        "path_type": "hardlink",
        "sha256": "8dc8de3a80451bbfee8f1187225c9dfd33a1752fd838c64ed8fd68ad1e2a020a",
        "sha256_in_prefix": "8dc8de3a80451bbfee8f1187225c9dfd33a1752fd838c64ed8fd68ad1e2a020a",
        "size_in_bytes": 2380
      },
      {
        "_path": "lib/python3.6/site-packages/setuptools/glibc.py",
        "path_type": "hardlink",
        "sha256": "5fae15bc63cbd806d444ac1846c5893975c60183a217fbf6aa2c5e4e40142ee5",
        "sha256_in_prefix": "5fae15bc63cbd806d444ac1846c5893975c60183a217fbf6aa2c5e4e40142ee5",
        "size_in_bytes": 3146
      },
      {
        "_path": "lib/python3.6/site-packages/setuptools/glob.py",
        "path_type": "hardlink",
        "sha256": "63e7e9bfcc1d1d9ceff433c2686002a4c481589e9a9aaff57b447f8bcfde978c",
        "sha256_in_prefix": "63e7e9bfcc1d1d9ceff433c2686002a4c481589e9a9aaff57b447f8bcfde978c",
        "size_in_bytes": 5207
      },
      {
        "_path": "lib/python3.6/site-packages/setuptools/gui-32.exe",
        "path_type": "hardlink",
        "sha256": "5c1af46c7300e87a73dacf6cf41ce397e3f05df6bd9c7e227b4ac59f85769160",
        "sha256_in_prefix": "5c1af46c7300e87a73dacf6cf41ce397e3f05df6bd9c7e227b4ac59f85769160",
        "size_in_bytes": 65536
      },
      {
        "_path": "lib/python3.6/site-packages/setuptools/gui-64.exe",
        "path_type": "hardlink",
        "sha256": "69828c857d4824b9f850b1e0597d2c134c91114b7a0774c41dffe33b0eb23721",
        "sha256_in_prefix": "69828c857d4824b9f850b1e0597d2c134c91114b7a0774c41dffe33b0eb23721",
        "size_in_bytes": 75264
      },
      {
        "_path": "lib/python3.6/site-packages/setuptools/gui.exe",
        "path_type": "hardlink",
        "sha256": "5c1af46c7300e87a73dacf6cf41ce397e3f05df6bd9c7e227b4ac59f85769160",
        "sha256_in_prefix": "5c1af46c7300e87a73dacf6cf41ce397e3f05df6bd9c7e227b4ac59f85769160",
        "size_in_bytes": 65536
      },
      {
        "_path": "lib/python3.6/site-packages/setuptools/launch.py",
        "path_type": "hardlink",
        "sha256": "b1dede8f0841a1c083c7fc06f6b22cd0e699f07b6698553c642e8847f4b42ef8",
        "sha256_in_prefix": "b1dede8f0841a1c083c7fc06f6b22cd0e699f07b6698553c642e8847f4b42ef8",
        "size_in_bytes": 787
      },
      {
        "_path": "lib/python3.6/site-packages/setuptools/lib2to3_ex.py",
        "path_type": "hardlink",
        "sha256": "b797b5da16d1da98bd5787b35834c1e0933e0084949c63a499c9d81de937c638",
        "sha256_in_prefix": "b797b5da16d1da98bd5787b35834c1e0933e0084949c63a499c9d81de937c638",
        "size_in_bytes": 2013
      },
      {
        "_path": "lib/python3.6/site-packages/setuptools/monkey.py",
        "path_type": "hardlink",
        "sha256": "cd91931fba74c5e5d028b984c094cf204e26e66edf25e1e802cc72bf933c7bf1",
        "sha256_in_prefix": "cd91931fba74c5e5d028b984c094cf204e26e66edf25e1e802cc72bf933c7bf1",
        "size_in_bytes": 5789
      },
      {
        "_path": "lib/python3.6/site-packages/setuptools/msvc.py",
        "path_type": "hardlink",
        "sha256": "f04895f72a5bdc440942cb0f707d4765b74db1b46faac16727bc0f1441b0148a",
        "sha256_in_prefix": "f04895f72a5bdc440942cb0f707d4765b74db1b46faac16727bc0f1441b0148a",
        "size_in_bytes": 40877
      },
      {
        "_path": "lib/python3.6/site-packages/setuptools/namespaces.py",
        "path_type": "hardlink",
        "sha256": "17436b6eff0a093d8eaceeebc1ad37a26e0de0664a0259dc7beaebf9c80341af",
        "sha256_in_prefix": "17436b6eff0a093d8eaceeebc1ad37a26e0de0664a0259dc7beaebf9c80341af",
        "size_in_bytes": 3199
      },
      {
        "_path": "lib/python3.6/site-packages/setuptools/package_index.py",
        "path_type": "hardlink",
        "sha256": "32243ee24a6fa805594c4b8ba8c74ff9bb230171759dd2dde8dfd71ca7c6ce3a",
        "sha256_in_prefix": "32243ee24a6fa805594c4b8ba8c74ff9bb230171759dd2dde8dfd71ca7c6ce3a",
        "size_in_bytes": 40362
      },
      {
        "_path": "lib/python3.6/site-packages/setuptools/pep425tags.py",
        "path_type": "hardlink",
        "sha256": "36e18cc7580689fef1ea261e9a1d0b7e006bfc5645e4614e4486e098c754f09e",
        "sha256_in_prefix": "36e18cc7580689fef1ea261e9a1d0b7e006bfc5645e4614e4486e098c754f09e",
        "size_in_bytes": 10882
      },
      {
        "_path": "lib/python3.6/site-packages/setuptools/py27compat.py",
        "path_type": "hardlink",
        "sha256": "de6c3144c0e4e50e4ed6b49738445b4035e116ac032618548ad7cc5bfaa9502a",
        "sha256_in_prefix": "de6c3144c0e4e50e4ed6b49738445b4035e116ac032618548ad7cc5bfaa9502a",
        "size_in_bytes": 536
      },
      {
        "_path": "lib/python3.6/site-packages/setuptools/py31compat.py",
        "path_type": "hardlink",
        "sha256": "5ee5351c2b0613fdf31af051221630da207e2210852b8f8fc70fe3322a9d3559",
        "sha256_in_prefix": "5ee5351c2b0613fdf31af051221630da207e2210852b8f8fc70fe3322a9d3559",
        "size_in_bytes": 1192
      },
      {
        "_path": "lib/python3.6/site-packages/setuptools/py33compat.py",
        "path_type": "hardlink",
        "sha256": "34a4bce279782e32c8a1a77a3907e09b28199f898cbeba24fdbd4dd6dcde6dec",
        "sha256_in_prefix": "34a4bce279782e32c8a1a77a3907e09b28199f898cbeba24fdbd4dd6dcde6dec",
        "size_in_bytes": 1182
      },
      {
        "_path": "lib/python3.6/site-packages/setuptools/py36compat.py",
        "path_type": "hardlink",
        "sha256": "5540d6c66bb9aede101e519346d005bba5b98ef7cbe960637830337a8072d0e3",
        "sha256_in_prefix": "5540d6c66bb9aede101e519346d005bba5b98ef7cbe960637830337a8072d0e3",
        "size_in_bytes": 2891
      },
      {
        "_path": "lib/python3.6/site-packages/setuptools/sandbox.py",
        "path_type": "hardlink",
        "sha256": "f546f07c42f9418e37ea8308d4bb455a8861a19f94cf01ef1b2663507fea864c",
        "sha256_in_prefix": "f546f07c42f9418e37ea8308d4bb455a8861a19f94cf01ef1b2663507fea864c",
        "size_in_bytes": 14276
      },
      {
        "_path": "lib/python3.6/site-packages/setuptools/script (dev).tmpl",
        "path_type": "hardlink",
        "sha256": "7fb311d7b7539336aa90231256c7b2382315acf55231d99342c681f1c6737ee2",
        "sha256_in_prefix": "7fb311d7b7539336aa90231256c7b2382315acf55231d99342c681f1c6737ee2",
        "size_in_bytes": 201
      },
      {
        "_path": "lib/python3.6/site-packages/setuptools/script.tmpl",
        "path_type": "hardlink",
        "sha256": "5864ede6989eccedbb73e0dbc7a9794384f715fdb4039cfbf3bda1bf76808586",
        "sha256_in_prefix": "5864ede6989eccedbb73e0dbc7a9794384f715fdb4039cfbf3bda1bf76808586",
        "size_in_bytes": 138
      },
      {
        "_path": "lib/python3.6/site-packages/setuptools/site-patch.py",
        "path_type": "hardlink",
        "sha256": "055b7ac88ac33172687e503927a0c921cb0951f5bf5c479584ecde9534c50cfe",
        "sha256_in_prefix": "055b7ac88ac33172687e503927a0c921cb0951f5bf5c479584ecde9534c50cfe",
        "size_in_bytes": 2307
      },
      {
        "_path": "lib/python3.6/site-packages/setuptools/ssl_support.py",
        "path_type": "hardlink",
        "sha256": "6010c9b026634a9eb60968f19929247bd927f6b8471e3db90aeb3ace12515b77",
        "sha256_in_prefix": "6010c9b026634a9eb60968f19929247bd927f6b8471e3db90aeb3ace12515b77",
        "size_in_bytes": 8492
      },
      {
        "_path": "lib/python3.6/site-packages/setuptools/unicode_utils.py",
        "path_type": "hardlink",
        "sha256": "34e899ff9843ef603ac3ee30563f1ac0714cde7e752a6c3521cfefc75e5716ac",
        "sha256_in_prefix": "34e899ff9843ef603ac3ee30563f1ac0714cde7e752a6c3521cfefc75e5716ac",
        "size_in_bytes": 996
      },
      {
        "_path": "lib/python3.6/site-packages/setuptools/version.py",
        "path_type": "hardlink",
        "sha256": "a20fdcb9941bd1023aba429915f6563e5af51e02413cf9f6bceda6fdb23d6531",
        "sha256_in_prefix": "a20fdcb9941bd1023aba429915f6563e5af51e02413cf9f6bceda6fdb23d6531",
        "size_in_bytes": 144
      },
      {
        "_path": "lib/python3.6/site-packages/setuptools/wheel.py",
        "path_type": "hardlink",
        "sha256": "c85f6eb3132fa709f2995fa83a8e667c38afdc4f23aca91b0c422d4fbfe48c1b",
        "sha256_in_prefix": "c85f6eb3132fa709f2995fa83a8e667c38afdc4f23aca91b0c422d4fbfe48c1b",
        "size_in_bytes": 7230
      },
      {
        "_path": "lib/python3.6/site-packages/setuptools/windows_support.py",
        "path_type": "hardlink",
        "sha256": "e46adfa923f6f9d2c6268653ab683a7422a4c90c716b69f92108979490a86041",
        "sha256_in_prefix": "e46adfa923f6f9d2c6268653ab683a7422a4c90c716b69f92108979490a86041",
        "size_in_bytes": 714
      }
    ],
    "paths_version": 1
  },
  "platform": "darwin",
  "requested_spec": "None",
  "size": 562946,
  "subdir": "osx-64",
  "timestamp": 1522338037999,
  "url": "https://repo.continuum.io/pkgs/main/osx-64/setuptools-39.0.1-py36_0.tar.bz2",
  "version": "39.0.1"
}